idade,renda_mensal,tempo_emprego,dividas_total,limite_cartao,historico_credito,num_cartoes_credito,num_emprestimos,atraso_pagamento,possui_imovel,possui_veiculo,cargo_atual,risco_credito,relacao_divida_renda
50,4145.83,1.4,5798,13957.29,1,1,1,0,Não,Não,Analista de TI,Médio,1.3985136872471857
40,14080.13,0.9,39607,57549.72,1,0,2,0,Não,Não,Enfermeiro,Alto,2.8129711870558016
59,7550.31,21.0,7865,20694.49,3,4,0,0,Não,Sim,Advogado,Médio,1.0416790833753846
27,2390.01,5.6,1340,10593.18,17,5,3,0,Sim,Não,Analista de TI,Baixo,0.5606671101794553
39,17135.27,20.3,45245,77949.94,1,3,2,0,Sim,Não,Contador,Alto,2.640460290383519
42,4069.99,0.9,8298,15170.47,9,0,3,0,Não,Não,Empreendedor,Alto,2.038825648220266
38,6914.95,22.2,18554,25989.24,14,4,2,0,Sim,Não,Advogado,Alto,2.683171967982415
50,19562.48,6.3,8331,32261.1,3,4,3,0,Não,Não,Designer,Baixo,0.42586625008690104
42,18347.11,22.4,51824,49444.06,19,2,1,46,Sim,Sim,Engenheiro,Alto,2.8246410470095835
71,19354.0,29.4,24743,80434.87,1,3,3,0,Não,Não,Designer,Médio,1.2784437325617444
90,18623.16,23.7,47871,85013.13,1,4,2,0,Não,Sim,Médico,Alto,2.5705089791421005
84,5110.83,20.5,10657,9475.39,7,5,3,0,Não,Sim,Analista de TI,Alto,2.08517990228593
23,17052.4,12.0,42185,74675.55,18,2,1,0,Sim,Não,Contador,Alto,2.473845323825385
46,13098.03,10.3,31603,43999.47,18,0,0,0,Não,Sim,Engenheiro,Alto,2.412805589848244
46,2577.64,0.7,279,12802.87,10,4,3,0,Não,Sim,Analista de TI,Baixo,0.10823854378423675
68,15441.23,19.4,35479,61054.47,10,1,2,0,Sim,Não,Enfermeiro,Alto,2.2976796537581525
79,5016.75,11.0,4677,7981.46,2,5,3,0,Não,Não,Analista de TI,Baixo,0.9322768724772014
42,15856.46,3.6,5554,39078.44,4,2,0,0,Sim,Não,Empreendedor,Baixo,0.35026733583662434
73,14652.85,16.0,41888,66262.11,1,5,3,0,Sim,Não,Professor,Alto,2.8586930187642676
69,18631.25,10.8,34764,31636.47,11,4,1,0,Sim,Sim,Designer,Médio,1.8658973498825897
68,17424.76,11.8,24478,47575.71,19,3,0,0,Não,Sim,Contador,Médio,1.4047826196745323
31,3960.08,11.1,6538,10573.8,16,1,0,0,Não,Sim,Designer,Médio,1.650976747944486
72,18980.3,28.1,47796,26426.03,11,1,1,14,Não,Não,Médico,Alto,2.5181899126989564
63,5888.32,23.8,4766,26543.31,5,0,3,0,Não,Sim,Médico,Baixo,0.8093989457094724
25,6832.41,25.3,16560,22659.15,18,1,3,0,Não,Sim,Analista de TI,Alto,2.423742134912864
82,18045.53,29.9,51099,66497.83,14,3,3,0,Não,Não,Médico,Alto,2.8316707794118545
33,10785.18,10.9,12132,29384.6,12,4,3,0,Sim,Não,Advogado,Médio,1.1248769144325825
87,3762.19,7.1,4030,4293.66,11,1,0,0,Sim,Sim,Empreendedor,Médio,1.0711846025851963
87,11137.26,27.9,9410,21569.13,7,4,3,52,Não,Não,Empreendedor,Alto,0.8449115850756829
19,14251.06,8.7,3189,42131.98,4,4,1,0,Sim,Não,Advogado,Baixo,0.2237728281264692
27,11137.26,7.9,7017,18880.23,0,1,0,0,Sim,Sim,Engenheiro,Médio,0.6300472468093589
34,7155.13,27.4,7212,28045.46,4,5,0,0,Sim,Sim,Médico,Médio,1.0079481434998385
50,9632.98,0.3,3855,31930.01,19,3,3,0,Sim,Sim,Enfermeiro,Baixo,0.40018768854497777
57,18311.55,5.4,46074,26779.07,17,1,3,0,Não,Sim,Engenheiro,Alto,2.516116877053008
68,15896.22,26.2,18704,67490.89,13,3,1,0,Não,Sim,Médico,Médio,1.1766319288484937
52,14769.31,12.7,3403,59223.54,3,1,1,59,Sim,Não,Advogado,Alto,0.23041022227849509
73,19894.46,8.6,43033,37403.71,0,2,3,0,Não,Não,Contador,Alto,2.1630644913206996
31,4157.02,7.1,9771,4768.2,19,2,3,0,Sim,Sim,Enfermeiro,Alto,2.350481835545655
68,11137.26,8.0,7495,23225.63,20,2,3,22,Sim,Sim,Analista_de_TI,Médio,0.6729662412478473
73,11137.26,2.3,9527,9870.95,15,5,3,43,Não,Sim,Professor,Alto,0.8554168619570702
90,11291.45,17.2,22544,33882.27,18,3,1,0,Sim,Sim,Advogado,Médio,1.9965549154448718
86,11137.26,18.4,14289,10139.2,11,5,2,0,Não,Sim,Designer,Alto,1.2829906098986645
67,11137.26,5.7,6352,21956.84,16,2,0,0,Sim,Não,Engenheiro,Médio,0.5703377670989094
63,5811.44,4.2,14976,8409.71,19,2,0,0,Sim,Sim,Médico,Alto,2.57698608262324
43,5592.64,23.5,742,8252.56,2,4,3,0,Sim,Sim,Advogado,Baixo,0.13267437203181323
53,6021.01,19.2,6942,10143.34,15,4,1,0,Sim,Não,Engenheiro,Médio,1.152962708914285
82,5959.46,26.2,17634,25427.2,19,4,1,0,Sim,Sim,Enfermeiro,Alto,2.95899292888953
65,4949.45,17.6,4951,22970.35,8,4,2,0,Sim,Sim,Médico,Médio,1.0003131661093658
39,13428.35,0.1,13168,31687.98,14,4,1,0,Não,Não,Enfermeiro,Baixo,0.9806119143453961
78,3803.34,18.7,5345,13367.96,18,5,1,0,Não,Sim,Advogado,Médio,1.4053437242003082
37,11491.29,5.9,3729,50018.25,12,2,2,0,Não,Não,Designer,Baixo,0.32450664807867524
36,9071.47,21.2,19925,19967.18,18,2,0,0,Não,Sim,Analista de TI,Alto,2.1964466618971348
59,9456.52,18.8,14574,10164.97,6,3,3,27,Não,Não,Contador,Médio,1.5411589041211777
64,15261.19,22.3,22458,22399.3,19,3,1,0,Não,Não,Designer,Médio,1.4715759387046488
42,19366.15,30.0,55363,75004.51,19,1,1,9,Não,Sim,Advogado,Alto,2.8587509649568963
77,13876.71,23.3,36240,39199.53,19,4,2,0,Sim,Sim,Professor,Alto,2.611570033531003
84,11137.26,14.7,14822,8915.2,9,0,3,0,Sim,Sim,Analista de TI,Alto,1.330847982358318
46,6538.77,13.1,9093,20392.25,1,0,0,0,Sim,Não,Advogado,Médio,1.39062851270193
27,16253.77,14.1,41539,73014.57,4,1,2,0,Sim,Sim,Médico,Alto,2.5556532422939418
85,5002.77,22.9,3289,7874.95,7,2,1,0,Não,Não,Professor,Baixo,0.65743578057756
66,2893.23,9.0,8175,14275.15,20,4,2,0,Não,Sim,Médico,Alto,2.8255617424124595
80,10805.51,4.8,22455,46280.74,3,4,1,0,Sim,Sim,Engenheiro,Alto,2.0781064475438917
27,8502.25,7.2,25397,35139.81,6,3,2,0,Não,Sim,Analista de TI,Alto,2.9870916522097093
23,16021.07,23.3,23599,22207.29,8,5,2,0,Não,Sim,Médico,Médio,1.4729977460931136
58,19826.17,0.5,26866,39796.02,8,1,0,21,Sim,Sim,Médico,Médio,1.355077657459812
56,5511.94,21.2,12784,8252.9,10,3,1,0,Sim,Sim,Engenheiro,Alto,2.3193285848539715
31,15469.41,14.4,33468,65539.63,9,4,0,0,Sim,Não,Analista de TI,Alto,2.163495569643574
48,17578.2,14.4,52547,69402.58,15,5,2,0,Sim,Não,Contador,Alto,2.9893276899796337
42,11137.26,9.3,13053,15791.0,11,3,0,0,Sim,Sim,Engenheiro,Alto,1.172011787459393
89,3085.59,2.3,3891,5276.28,19,1,1,0,Não,Sim,Engenheiro,Médio,1.2610230134269296
88,17915.73,19.5,42874,38640.95,7,5,2,29,Não,Sim,Analista de TI,Alto,2.3930925505128733
72,7114.76,22.1,17856,27487.18,11,0,1,0,Sim,Não,Engenheiro,Alto,2.5097122039253605
28,15360.67,25.7,23376,53740.78,14,0,2,7,Sim,Sim,Empreendedor,Médio,1.5218086190250817
82,7828.31,14.5,20683,38316.82,10,3,2,0,Não,Sim,Analista_de_TI,Alto,2.642077281047889
51,8510.0,23.7,18864,28136.86,1,3,3,0,Não,Sim,Analista de TI,Alto,2.21668625146886
85,4356.38,7.3,2062,15108.82,16,2,0,0,Não,Não,Contador,Baixo,0.4733287729720548
67,4024.42,27.8,5783,16329.75,16,3,3,0,Sim,Sim,Médico,Médio,1.4369772538651533
73,16450.08,28.8,3898,27287.03,18,0,3,0,Sim,Não,Designer,Baixo,0.2369593339363699
53,19859.36,19.4,31505,48866.57,4,2,2,0,Não,Não,Enfermeiro,Médio,1.5864056042087962
33,15604.45,5.0,3022,67787.55,19,5,1,0,Sim,Sim,Contador,Baixo,0.1936627051898657
32,3531.06,4.7,3395,16522.11,18,2,2,0,Sim,Não,Médico,Baixo,0.9614676612688541
33,11137.26,1.5,7038,16624.99,3,0,0,0,Sim,Não,Empreendedor,Médio,0.631932809326531
28,19966.73,22.7,37225,66909.89,6,1,0,0,Sim,Sim,Empreendedor,Médio,1.8643513484681768
83,12094.64,27.6,33173,12618.5,3,5,0,0,Não,Sim,Analista de TI,Alto,2.7427852337895136
74,3307.19,1.5,6072,3785.92,15,0,3,0,Não,Não,Contador,Médio,1.8359997460079402
69,7103.88,11.9,11705,24489.99,4,0,3,0,Não,Não,Analista de TI,Médio,1.6476911209085738
55,11137.26,9.5,3892,14658.2,16,3,3,0,Não,Não,Designer,Baixo,0.3494575865158935
34,18132.73,20.2,36646,76613.39,16,1,1,0,Sim,Não,Empreendedor,Alto,2.020986360024111
74,18417.9,8.1,25153,87218.58,3,0,0,0,Não,Sim,Analista de TI,Médio,1.3656822981990344
85,2481.66,1.6,2416,10736.91,17,4,0,0,Não,Não,Enfermeiro,Baixo,0.9735419034033671
56,5367.07,3.2,1643,11675.92,17,4,3,27,Sim,Não,Designer,Médio,0.3061260613332787
88,9920.7,25.1,14757,14159.29,6,5,3,0,Não,Sim,Designer,Médio,1.4874958420272761
42,5903.5,27.8,9117,17264.19,7,2,3,0,Não,Sim,Analista de TI,Médio,1.5443381045142712
73,12361.46,26.7,28620,27194.07,12,5,2,0,Não,Sim,Designer,Alto,2.315260495119509
87,2763.83,24.1,1134,4715.95,12,5,0,0,Não,Sim,Contador,Baixo,0.4103001993610316
28,5112.36,12.7,6926,17408.49,5,0,3,0,Não,Não,Contador,Médio,1.354755924856622
43,16868.2,18.5,32676,50452.35,2,4,1,0,Não,Sim,Designer,Médio,1.9371361496780923
85,12900.98,24.9,21192,50647.66,3,0,1,58,Sim,Não,Engenheiro,Alto,1.6426659060009394
76,15152.21,29.4,23907,30952.77,15,3,3,0,Sim,Não,Analista de TI,Médio,1.577789642566992
59,15051.88,14.7,21212,68197.47,14,0,0,0,Não,Sim,Engenheiro,Médio,1.4092591755979984
26,7443.41,24.6,18588,35198.12,17,2,2,46,Não,Não,Analista de TI,Alto,2.4972425272825225
30,6758.38,27.9,13333,9848.52,7,3,2,0,Não,Não,Professor,Médio,1.9728100521130802
36,16750.93,13.8,46925,48929.22,14,5,1,33,Sim,Não,Designer,Alto,2.801337000393411
66,2078.06,8.0,5896,8422.15,5,2,3,0,Não,Não,Enfermeiro,Alto,2.8372616767562056
42,2845.27,19.8,5021,10388.73,6,1,2,0,Sim,Sim,Enfermeiro,Médio,1.7646831407915593
74,4676.49,9.9,5638,14002.53,20,5,2,0,Não,Sim,Contador,Médio,1.2056050584947258
19,16381.86,1.0,11410,39027.15,15,0,0,0,Não,Sim,Advogado,Baixo,0.696502106598396
77,11910.65,19.6,13465,49181.21,9,0,0,0,Sim,Sim,Advogado,Médio,1.1305008542774744
40,16284.52,14.9,344,54803.31,11,2,1,0,Sim,Sim,Professor,Baixo,0.021124356136993906
55,13679.11,26.7,32248,15211.05,4,4,3,0,Sim,Sim,Advogado,Alto,2.357463314499262
57,10046.1,19.2,15366,17059.77,3,4,2,51,Sim,Não,Analista TI,Alto,1.52954878012363
44,15120.03,11.7,4568,38911.38,3,2,2,0,Não,Sim,Professor,Baixo,0.30211580268028565
44,3638.46,20.7,7339,17473.73,4,2,3,0,Sim,Não,Advogado,Alto,2.0170621636626485
84,2360.15,15.3,790,5024.63,15,0,2,0,Não,Não,Professor,Baixo,0.3347244878503485
36,18488.07,15.3,164,34674.11,12,0,2,0,Sim,Não,Engenheiro,Baixo,0.008870585193587
39,14216.92,2.8,31894,35626.73,7,3,1,0,Sim,Não,Engenheiro,Alto,2.2433832363127877
45,7066.77,1.4,13153,8654.53,13,3,2,0,Sim,Sim,Advogado,Médio,1.861246368567252
28,6422.0,24.0,14612,11517.96,6,1,1,0,Não,Sim,Professor,Alto,2.2753036437246963
54,10445.14,27.0,18680,21560.38,9,0,2,0,Não,Sim,Analista de TI,Médio,1.7883915390315497
49,15066.25,16.9,11289,54517.64,9,1,1,0,Não,Não,Analista_de_TI,Baixo,0.749290633037418
61,9803.43,12.7,18599,32251.93,10,2,0,0,Sim,Sim,Empreendedor,Médio,1.8971931252633008
19,4503.36,6.8,7285,8752.4,2,3,0,0,Sim,Sim,Médico,Médio,1.6176810203936618
74,14913.14,19.1,3178,25372.35,13,2,0,0,Não,Não,Advogado,Baixo,0.2131006615642313
87,11834.0,16.6,32728,13085.09,10,2,0,0,Sim,Não,Enfermeiro,Alto,2.7655906709481157
24,8132.94,7.5,14148,31067.57,16,2,2,50,Não,Sim,Designer,Alto,1.739592324546843
51,11351.2,6.9,4628,22169.47,2,0,3,0,Não,Sim,Empreendedor,Baixo,0.40771019804073577
26,14359.68,12.9,27016,61664.81,2,0,3,0,Não,Sim,Empreendedor,Médio,1.8813789722333645
22,9335.04,13.1,9769,35438.64,20,0,1,0,Não,Sim,Professor,Médio,1.0464872137666255
29,6566.7,2.6,18028,13360.58,13,2,3,0,Não,Não,Designer,Alto,2.745366774787945
23,2664.52,8.8,555,12035.08,4,5,1,0,Sim,Não,Engenheiro,Baixo,0.2082926756038611
36,3102.97,19.4,7661,14364.36,7,4,0,0,Sim,Não,Engenheiro,Alto,2.468924933209151
63,12180.93,6.6,22357,22634.3,16,0,3,0,Não,Sim,Professor,Médio,1.835409939963533
70,5935.96,6.0,15246,29498.21,4,5,1,0,Sim,Sim,Professor,Alto,2.5684135337839202
86,11137.26,20.8,8858,21192.89,20,0,3,34,Não,Sim,Médico,Alto,0.7953482274814452
59,3813.69,17.2,4465,4344.04,1,3,2,0,Não,Sim,Contador,Médio,1.1707821034221448
51,9735.89,2.8,154,38398.63,14,4,0,21,Não,Sim,Engenheiro,Médio,0.015817762936927184
81,16017.52,19.0,10780,63552.49,1,1,1,0,Sim,Sim,Médico,Baixo,0.6730130507094731
79,7140.88,16.2,16384,8097.17,2,5,0,0,Não,Não,Designer,Alto,2.2943950885605133
33,11080.99,9.8,32473,43246.16,15,4,3,0,Não,Não,Enfermeiro,Alto,2.9305143313007234
76,13543.61,13.2,16747,21417.36,11,5,3,0,Sim,Não,Empreendedor,Médio,1.2365240877432235
45,5927.83,14.9,15,26384.54,19,0,2,44,Sim,Sim,Enfermeiro,Alto,0.0025304369389810436
32,5540.0,18.8,13672,13563.66,18,0,2,0,Sim,Não,Médico,Alto,2.467870036101083
27,6224.19,13.4,851,18666.87,11,3,2,54,Sim,Sim,Professor,Alto,0.13672461798242022
52,17081.01,11.6,30531,52299.01,10,2,2,0,Sim,Sim,Advogado,Médio,1.7874235774114062
34,11137.26,0.7,1139,12419.08,9,3,1,0,Sim,Sim,Contador,Baixo,0.10226931938376226
37,13535.13,18.0,21163,53451.21,18,4,0,0,Não,Não,Médico,Médio,1.5635608967183914
47,14848.58,1.1,37960,70771.39,14,5,0,0,Não,Sim,Advogado,Alto,2.5564734136193494
68,5362.56,13.5,710,6222.2,5,5,2,0,Sim,Não,Designer,Baixo,0.13239945100847356
83,15713.65,14.6,30072,76357.62,16,0,0,25,Sim,Sim,Designer,Médio,1.9137501471650444
51,8196.71,7.3,838,32023.85,5,0,2,10,Não,Sim,Contador,Médio,0.10223614108587471
86,7703.54,17.8,15224,24593.77,1,0,3,0,Não,Sim,Contador,Médio,1.9762343026712395
33,18271.87,8.5,52896,63785.29,20,1,3,0,Não,Sim,Médico,Alto,2.8949417875674466
52,19461.93,18.8,30191,88392.16,4,5,0,4,Sim,Não,Eng.,Médio,1.5512849958868415
29,11187.83,5.0,4564,31669.98,13,1,2,0,Não,Não,Advogado,Baixo,0.40794327407549097
28,7540.94,1.4,10297,30048.81,10,3,0,0,Não,Não,Contador,Médio,1.3654796351648468
69,15097.85,12.8,24624,70890.77,11,3,1,26,Sim,Sim,Advogado,Médio,1.6309606997022754
33,8509.89,8.9,15348,16036.7,4,1,2,0,Não,Sim,Professor,Médio,1.8035485770086337
50,7956.6,15.0,5911,32871.4,1,2,3,0,Não,Sim,Analista de TI,Baixo,0.7429052610411482
52,11893.82,5.4,33959,16176.32,20,2,0,0,Não,Sim,Advogado,Alto,2.8551802532743897
52,10271.09,11.9,22507,23005.8,11,2,2,0,Sim,Sim,Designer,Alto,2.1912961525991888
76,3884.46,8.8,4692,14603.73,5,4,2,0,Não,Não,Analista de TI,Médio,1.207889899754406
70,7789.79,4.7,23070,31042.2,1,4,3,0,Sim,Não,Empreendedor,Alto,2.961568925478094
70,3410.31,22.6,2953,15814.27,13,3,2,0,Não,Não,Designer,Baixo,0.8659036861751571
79,12741.91,1.1,15808,55064.78,11,4,1,54,Não,Não,Analista de TI,Alto,1.2406303293619245
33,6818.26,1.6,20020,10850.53,17,1,2,0,Não,Sim,Engenheiro,Alto,2.9362329978616244
63,15769.38,5.3,5272,18682.6,8,0,3,0,Não,Não,Empreendedor,Baixo,0.33431878742220683
78,2997.93,10.0,5783,5014.53,15,5,2,0,Não,Sim,Advogado,Médio,1.9289976750624598
79,19888.89,24.8,33301,27634.9,5,4,3,24,Sim,Não,Contador,Médio,1.6743518617680524
55,18881.71,28.3,14412,71448.98,6,4,3,0,Não,Não,Enfermeiro,Baixo,0.7632783259567063
88,16239.08,9.1,39689,53129.21,9,4,0,0,Não,Não,Analista de TI,Alto,2.4440423964904414
65,18194.74,5.9,27571,61993.42,3,1,3,0,Sim,Não,Médico,Médio,1.5153280563503517
42,2754.44,12.5,7166,13439.72,12,2,0,0,Não,Sim,Engenheiro,Alto,2.6016177517027055
31,4348.97,17.9,11129,15625.25,10,4,1,0,Sim,Sim,Contador,Alto,2.5589967279608734
47,4704.75,16.7,13467,21233.33,4,4,1,52,Sim,Sim,Professor,Alto,2.862426271321537
35,19045.13,24.8,54977,33295.24,4,5,3,0,Não,Sim,Contador,Alto,2.8866697155650813
55,8478.48,30.0,8794,36074.91,3,3,1,0,Não,Sim,Empreendedor,Médio,1.037214217642785
27,5038.0,16.8,12640,12634.21,3,4,0,0,Não,Não,Empreendedor,Alto,2.5089321159190154
61,17888.37,3.7,9077,52073.04,18,2,3,0,Sim,Sim,Designer,Baixo,0.507424656354939
83,14058.64,25.1,6487,33204.36,4,5,3,0,Sim,Sim,Médico,Baixo,0.4614244336578787
67,4430.8,6.3,12329,20774.62,16,0,0,0,Sim,Sim,Enfermeiro,Alto,2.7825674821702626
19,17019.91,28.6,6604,73060.16,3,0,3,0,Sim,Sim,Advogado,Baixo,0.3880161528468717
41,10705.8,11.9,7938,52825.5,1,1,0,0,Não,Não,Analista de TI,Baixo,0.7414672420557081
60,9240.52,0.8,16329,13752.52,4,2,2,0,Sim,Sim,Contador,Médio,1.7671083445520381
31,6877.61,18.7,15265,27225.97,3,2,2,0,Sim,Não,Professor,Alto,2.2195210254725115
72,8011.48,7.9,23975,32618.51,20,4,2,0,Sim,Sim,Médico,Alto,2.9925806467718825
55,5315.0,5.4,1739,17948.97,17,0,3,0,Não,Não,Contador,Baixo,0.3271872060206961
62,9513.71,24.8,3688,14423.6,20,1,3,0,Não,Sim,Analista de TI,Baixo,0.3876510845926563
90,7514.48,14.0,5324,12567.99,9,5,3,0,Sim,Não,Contador,Baixo,0.7084987916662231
80,2323.7,9.9,1047,10746.56,1,0,0,0,Sim,Não,Empreendedor,Baixo,0.450574514782459
58,6876.11,12.6,7520,16466.16,16,5,2,0,Sim,Não,Empreendedor,Médio,1.093641608409406
22,16278.08,25.6,10314,62742.23,2,5,1,0,Não,Sim,Enfermeiro,Baixo,0.6336128093730956
83,18444.18,10.9,40201,81007.6,14,2,3,60,Sim,Não,Analista de TI,Alto,2.1796035388941117
66,17402.54,22.5,29924,51443.39,0,1,3,0,Não,Não,Engenheiro,Médio,1.7195191046824199
20,16819.29,15.5,15491,22992.61,13,1,2,0,Não,Sim,Enfermeiro,Baixo,0.9210257983541517
55,6411.37,6.4,14145,27403.87,7,1,1,36,Sim,Não,Contador,Alto,2.2062367325548204
61,12509.16,2.3,33874,24540.3,20,3,3,0,Sim,Não,Engenheiro,Alto,2.7079356247741657
70,11137.26,7.3,6370,19258.82,15,1,1,0,Sim,Não,Analista de TI,Médio,0.5719539635421997
75,3040.67,15.1,9038,6785.2,11,3,3,0,Sim,Não,Analista de TI,Alto,2.9723712208164645
73,18543.85,3.9,24034,75435.17,7,3,0,0,Sim,Não,Engenheiro,Médio,1.2960631152646296
74,2577.76,28.9,3233,5128.45,3,2,3,47,Não,Não,Engenheiro,Alto,1.2541896840667865
40,11801.41,28.1,1068,12278.0,4,4,2,0,Sim,Sim,Médico,Baixo,0.09049766087272623
82,8927.95,16.1,8146,27420.87,2,4,2,0,Sim,Sim,Professor,Baixo,0.9124155041190866
24,11137.26,16.0,5053,10824.48,4,0,2,0,Não,Sim,Contador,Médio,0.45370225710812173
73,14313.2,18.2,42472,70781.55,1,5,2,0,Sim,Sim,Designer,Alto,2.9673308554341444
53,4853.61,14.0,4590,11779.55,17,2,0,0,Sim,Sim,Médico,Baixo,0.9456878488382875
85,5669.26,22.1,8442,16577.48,11,4,0,38,Sim,Sim,Médico,Alto,1.4890832313211952
72,11137.26,12.1,13423,20102.53,19,1,0,0,Não,Não,Contador,Alto,1.2052336032381394
85,5518.06,10.4,12199,20066.02,11,2,0,0,Não,Sim,Contador,Alto,2.2107407313439866
46,14898.88,9.5,29436,47401.35,20,4,3,0,Não,Não,Designer,Médio,1.9757189802186474
29,12536.14,23.7,16918,17704.72,15,1,2,0,Não,Não,Designer,Médio,1.3495382151124669
24,14833.45,9.6,31795,47533.14,6,0,2,0,Não,Sim,Engenheiro,Alto,2.1434662873438075
76,2129.88,3.5,5584,6676.93,16,5,1,0,Não,Sim,Designer,Alto,2.6217439480158506
28,11559.54,9.6,17124,37317.7,7,5,0,0,Não,Não,Designer,Médio,1.4813738262941258
21,16538.96,23.9,34487,52383.01,10,5,3,0,Sim,Não,Advogado,Alto,2.085197618229925
59,2109.83,24.0,2684,7531.06,16,5,0,0,Sim,Sim,Professor,Médio,1.2721404094168725
85,15059.9,8.6,33213,26091.11,2,4,1,0,Não,Sim,Empreendedor,Alto,2.2053931301004654
70,11137.26,25.2,1127,7296.9,10,5,1,0,Sim,Não,Designer,Baixo,0.10119185508823535
36,5197.5,6.4,5719,21025.92,17,4,3,0,Não,Sim,Enfermeiro,Médio,1.1003367003367004
34,19428.58,19.2,20440,73319.84,15,4,3,0,Não,Sim,Empreendedor,Médio,1.0520583593860178
35,13127.14,23.7,31912,65238.97,0,3,0,14,Sim,Não,Enfermeiro,Alto,2.430994108389185
36,7647.66,29.5,20635,19738.52,4,2,3,0,Sim,Não,Advogado,Alto,2.6982109560309953
52,5460.06,29.4,11385,20457.97,9,5,0,0,Não,Não,Engenheiro,Alto,2.0851419215173457
55,2094.67,26.2,6004,3789.78,18,3,1,44,Não,Sim,Engenheiro,Alto,2.8663226188373345
53,15356.53,18.6,31535,58851.85,13,4,0,0,Não,Não,Designer,Alto,2.053523810392061
87,13031.96,4.9,2991,23183.66,2,0,1,0,Sim,Sim,Empreendedor,Baixo,0.2295126749928637
46,7953.73,26.1,16190,16686.65,2,3,2,0,Não,Sim,Médico,Alto,2.0355229558961647
69,10751.44,5.9,19113,34172.9,9,3,0,0,Sim,Não,Médico,Médio,1.7777153571986635
41,15621.12,27.4,20707,30906.2,15,5,0,0,Sim,Não,Advogado,Médio,1.3255771673221894
28,9482.39,21.9,18994,18073.84,8,5,1,27,Não,Sim,Engenheiro,Alto,2.0030815016045533
59,14427.84,27.3,6994,61495.22,19,5,3,0,Sim,Sim,Empreendedor,Baixo,0.484757247100051
26,10304.21,3.9,30039,41633.04,4,0,0,0,Não,Sim,Professor,Alto,2.9152162077442134
23,5028.91,13.3,1286,22429.9,10,4,2,0,Não,Não,Advogado,Baixo,0.2557214187567485
46,11566.84,27.5,31530,23117.53,5,1,1,0,Sim,Não,Designer,Alto,2.7258957502654138
77,18759.3,0.2,13108,51742.15,10,2,1,0,Sim,Não,Médico,Baixo,0.6987467549428817
39,10437.58,6.7,16155,37294.55,1,5,1,0,Sim,Não,Professor,Médio,1.5477725679707366
71,4495.79,13.4,4194,5883.46,5,0,1,46,Sim,Sim,Enfermeiro,Alto,0.9328727542879005
84,18730.83,18.6,12024,73058.47,16,2,1,0,Sim,Não,Enfermeiro,Baixo,0.6419363156891605
46,3035.03,13.5,2835,5516.35,12,4,1,0,Sim,Sim,Advogado,Baixo,0.9340929084720744
29,17996.45,22.8,28979,82795.17,1,0,3,0,Sim,Sim,Designer,Médio,1.6102620238991578
48,11979.37,3.4,10737,46348.47,3,2,3,0,Não,Sim,Engenheiro,Baixo,0.896290873393175
30,13148.34,3.4,3491,54042.14,12,1,2,0,Não,Sim,Analista de TI,Baixo,0.26550880187156706
52,5733.07,12.3,8863,13827.04,16,5,2,0,Sim,Não,Engenheiro,Médio,1.545943098549294
23,19730.28,17.6,2009,50994.69,18,1,3,0,Sim,Sim,Engenheiro,Baixo,0.10182318750671557
70,2879.3,3.8,4805,3372.84,17,2,0,0,Não,Não,Analista de TI,Médio,1.6688083909283504
57,5582.56,16.0,4166,20295.55,0,1,3,46,Sim,Sim,Analista de TI,Alto,0.7462526152876099
49,3186.15,17.3,7591,10274.74,4,3,1,0,Não,Sim,Professor,Alto,2.382499254586256
50,4084.36,6.0,6235,17135.48,0,0,3,1,Sim,Não,Analista de TI,Médio,1.5265549559784153
22,15834.73,20.3,30339,69357.21,4,1,0,21,Sim,Não,Empreendedor,Médio,1.915978358961599
72,7746.12,9.5,2536,30351.75,3,4,0,0,Não,Não,Advogado,Baixo,0.3273897125270458
32,12721.19,26.6,18955,63011.75,12,3,0,0,Não,Não,Contador,Médio,1.4900335581812707
30,17531.91,5.3,10363,18665.63,5,4,3,0,Não,Sim,Analista de TI,Baixo,0.5910936115916634
55,15978.05,22.8,14742,36978.2,7,4,1,0,Sim,Sim,Advogado,Baixo,0.922640747775855
58,11211.75,2.4,12882,27886.06,1,0,1,0,Não,Sim,Professor,Médio,1.1489731754632417
57,2965.71,19.1,4287,8873.01,1,5,0,0,Não,Sim,Empreendedor,Médio,1.4455223201189598
78,6691.46,29.2,4641,10251.66,13,4,0,0,Sim,Sim,Advogado,Baixo,0.69357061089807
48,10510.68,11.8,1994,31273.33,2,4,1,0,Sim,Sim,Professor,Baixo,0.1897117979046075
79,13372.77,5.0,2140,59790.4,12,4,3,0,Não,Não,Engenheiro,Baixo,0.16002668108402374
54,7043.39,21.2,18424,15158.06,19,2,2,0,Sim,Sim,Professor,Alto,2.6157858644771905
32,7664.57,24.1,17474,31137.55,6,3,3,44,Não,Não,Advogado,Alto,2.2798408782227835
60,11137.26,21.2,11065,6222.02,5,3,1,5,Não,Não,Enfermeiro,Alto,0.9935118691671021
49,14290.93,18.3,36936,38877.27,15,0,1,0,Sim,Não,Advogado,Alto,2.5845763711668868
49,11841.92,1.6,32672,20271.35,11,4,0,0,Não,Não,Médico,Alto,2.7590120520996595
29,11201.96,19.4,22386,47968.34,14,2,2,0,Não,Não,Contador,Médio,1.9984002799510088
68,16471.9,12.3,33788,27383.08,1,4,0,0,Sim,Não,Professor,Alto,2.0512509182304406
55,9020.68,25.3,13870,40131.51,5,4,3,0,Sim,Não,Designer,Médio,1.5375780983251817
48,5001.02,23.4,14852,10581.66,3,2,3,37,Não,Não,Médico,Alto,2.969794161990954
44,13581.84,17.8,37442,55209.81,10,1,1,0,Sim,Não,Advogado,Alto,2.7567693331684073
30,12034.77,1.5,14208,31242.8,11,4,0,0,Não,Não,Professor,Médio,1.180579271560653
45,4015.74,28.6,8921,18330.13,20,5,2,0,Não,Não,Contador,Alto,2.2215083645853566
19,2465.14,17.5,4417,10234.15,13,4,2,0,Sim,Sim,Engenheiro,Médio,1.7917846450911512
81,17421.02,2.6,19709,18333.36,2,3,0,0,Sim,Não,Contador,Médio,1.1313344453998675
41,4331.92,24.3,9042,20862.03,9,4,1,24,Sim,Sim,Analista_de_TI,Alto,2.0872961642874293
38,11137.26,22.2,8489,7196.02,16,0,2,0,Não,Sim,Médico,Médio,0.7622162003939927
32,15862.6,23.7,13958,70847.92,15,1,2,0,Sim,Não,Designer,Baixo,0.8799314109918929
73,4180.11,16.7,11661,14528.32,5,0,0,4,Não,Não,Enfermeiro,Alto,2.789639507094311
80,2040.55,29.9,1289,7389.92,3,5,2,11,Não,Não,Analista de TI,Médio,0.6316924358628802
86,13978.65,28.6,37597,38763.55,2,0,1,0,Não,Sim,Médico,Alto,2.6896016425048197
29,17182.66,1.7,47816,17276.27,10,3,2,0,Não,Sim,Empreendedor,Alto,2.782805456198284
50,19628.53,7.3,48312,42808.81,0,0,0,0,Sim,Sim,Engenheiro,Alto,2.461315238583837
78,11137.26,25.2,5252,12991.23,14,0,3,0,Sim,Sim,Analista de TI,Médio,0.4715702066756096
28,2473.31,6.1,1152,9772.85,19,0,2,0,Sim,Não,Analista de TI,Baixo,0.4657725881511012
63,11137.26,17.8,14352,20901.92,0,1,1,0,Não,Sim,Advogado,Alto,1.2886472974501808
60,9390.52,4.5,25653,39197.62,11,3,0,29,Não,Não,Advogado,Alto,2.7317976001329
54,8839.32,6.0,2133,20088.16,10,3,0,0,Sim,Não,Engenheiro,Baixo,0.24130815492594454
69,11137.26,28.3,6680,14632.99,11,3,0,0,Sim,Não,Analista de TI,Médio,0.5997884578433116
25,16370.1,9.8,27899,21242.34,20,3,1,8,Não,Não,Professor,Médio,1.7042657039358342
57,18997.41,27.4,31260,46852.08,3,1,3,0,Sim,Não,Designer,Médio,1.6454874638174362
86,11470.43,10.0,1882,41407.39,10,4,1,0,Não,Sim,Enfermeiro,Baixo,0.16407405825239332
65,9320.96,18.5,18390,37317.24,2,2,1,0,Sim,Sim,Contador,Médio,1.9729727410052185
68,15842.41,10.7,12452,47169.16,12,5,1,0,Não,Sim,Empreendedor,Baixo,0.7859915252792978
83,9932.9,8.7,14830,16326.56,16,1,1,0,Não,Não,Advogado,Médio,1.4930181517985683
89,8186.19,19.2,19990,39684.58,6,4,2,0,Sim,Sim,Designer,Alto,2.441917424345147
24,14198.63,7.2,13785,30788.05,20,3,1,0,Sim,Não,Designer,Baixo,0.9708683161685318
46,9631.09,7.5,6883,45341.26,13,3,3,0,Sim,Não,Designer,Baixo,0.7146646952733283
80,8431.93,25.3,20031,36813.84,4,0,0,0,Sim,Sim,Professor,Alto,2.3756127007695746
31,6080.18,24.9,10101,30090.76,16,0,3,0,Sim,Não,Engenheiro,Médio,1.661299501001615
25,11389.03,9.4,33707,14564.81,9,0,3,44,Não,Sim,Analista de TI,Alto,2.959602354195221
31,17789.88,23.3,44718,27808.38,14,5,0,60,Não,Não,Professor,Alto,2.5136763148486665
54,2237.12,27.9,6026,2839.86,10,0,1,0,Sim,Não,Advogado,Alto,2.6936418252038337
47,11143.03,7.0,17199,41600.6,15,1,3,0,Não,Não,Professor,Médio,1.5434760563329721
43,4391.35,10.1,11656,13498.21,11,0,1,0,Sim,Não,Contador,Alto,2.654309039361472
66,8092.02,8.3,4847,12951.63,1,1,2,28,Sim,Sim,Advogado,Médio,0.5989851730470266
66,17042.02,1.7,24595,42148.09,16,0,1,0,Sim,Não,Analista de TI,Médio,1.443197461333809
67,9822.51,6.7,12532,18910.3,3,4,2,0,Não,Não,Professor,Médio,1.2758449724154008
86,11394.84,5.3,9324,15173.46,14,4,1,0,Não,Não,Engenheiro,Baixo,0.8182651094706025
56,6023.67,29.1,14503,21218.28,14,5,3,0,Sim,Não,Empreendedor,Alto,2.4076684147703973
20,11920.85,19.5,1246,57743.37,2,1,3,0,Sim,Não,Designer,Baixo,0.104522747958409
41,11137.26,7.3,6194,16656.45,15,5,3,0,Não,Sim,Contador,Médio,0.5561511538744718
75,16633.68,6.7,39854,80054.71,2,1,3,0,Não,Não,Empreendedor,Alto,2.395982127827396
54,11528.32,19.6,24207,34333.15,13,5,1,0,Não,Não,Médico,Alto,2.0997855715316716
36,15005.74,4.4,19745,47592.92,16,4,2,0,Não,Não,Contador,Médio,1.3158298091263743
67,14732.85,26.5,17377,48999.7,20,3,0,0,Não,Não,Analista de TI,Médio,1.1794730822617483
55,3480.35,9.5,3116,17346.73,16,1,3,0,Sim,Sim,Engenheiro,Baixo,0.895312253077995
50,16467.06,7.7,34264,43154.13,9,1,3,0,Sim,Não,Contador,Alto,2.0807600142344778
41,7776.29,19.5,11850,18134.7,6,1,0,4,Sim,Sim,Engenheiro,Médio,1.5238629217788946
55,10846.09,0.3,8579,28533.76,13,0,1,27,Sim,Sim,Empreendedor,Médio,0.7909762873072231
80,2200.18,11.8,1445,6022.44,16,3,0,0,Não,Não,Contador,Baixo,0.6567644465452827
22,12896.34,20.4,33490,57972.89,4,4,1,0,Não,Sim,Professor,Alto,2.596860814773804
47,19557.72,10.5,24579,20058.51,7,1,3,29,Sim,Não,Designer,Médio,1.256741583374749
69,9334.64,21.6,5774,35364.12,19,1,1,47,Sim,Não,Enfermeiro,Alto,0.6185562592665599
20,6283.07,21.3,13587,22313.54,19,3,0,0,Não,Não,Analista de TI,Alto,2.1624778969516494
54,8956.04,2.3,9065,23510.4,10,1,3,58,Sim,Sim,Empreendedor,Alto,1.0121660912635495
82,14926.82,3.4,24389,72295.12,8,2,3,0,Não,Sim,Engenheiro,Médio,1.6339046092871756
89,15210.16,28.3,15143,37498.3,14,3,3,0,Não,Não,Empreendedor,Baixo,0.9955845303402463
61,17921.41,8.8,7418,19546.85,20,1,1,47,Não,Não,Analista_de_TI,Alto,0.4139183245068329
21,3490.63,1.0,1129,11749.33,0,0,2,0,Não,Não,Engenheiro,Baixo,0.3234373164729576
46,15020.56,15.6,17766,42143.77,7,5,3,0,Não,Sim,Empreendedor,Médio,1.1827788045186065
63,18722.77,17.2,24732,37457.18,1,2,1,0,Sim,Não,Professor,Médio,1.3209583838288885
39,14167.9,2.6,18859,30056.14,16,2,3,0,Sim,Sim,Analista de TI,Médio,1.3311076447462222
74,17320.35,4.0,49228,55244.79,18,5,0,16,Não,Sim,Empreendedor,Alto,2.842205844570116
54,10009.06,17.0,9603,16393.61,7,5,2,0,Sim,Sim,Contador,Baixo,0.9594307557353039
47,12574.75,7.5,31970,31014.52,18,1,0,0,Não,Não,Empreendedor,Alto,2.5423964691146943
74,12559.47,1.4,3409,36951.22,19,3,2,0,Não,Não,Empreendedor,Baixo,0.27142865104976566
27,11549.12,28.4,7473,33451.08,20,2,2,0,Não,Sim,Designer,Baixo,0.6470622869967582
88,10260.65,14.1,12502,35715.75,0,2,0,0,Não,Não,Médico,Médio,1.2184413268165273
90,10015.49,8.0,12194,14720.66,9,0,2,0,Não,Sim,Analista de TI,Médio,1.2175140707044787
66,17804.62,0.8,31058,34324.49,10,4,3,0,Sim,Sim,Analista de TI,Médio,1.7443787062009748
82,11608.5,25.5,21483,31665.74,11,0,1,0,Sim,Sim,Médico,Médio,1.8506266959555497
71,6841.88,14.0,7930,11628.04,20,1,1,0,Não,Sim,Empreendedor,Médio,1.159038159102469
74,15113.68,22.2,22352,40462.8,11,3,0,0,Sim,Sim,Designer,Médio,1.4789250533291693
33,11137.26,24.6,13486,6134.98,1,1,2,0,Não,Sim,Empreendedor,Alto,1.2108902907896557
74,12441.37,7.4,21993,32377.3,19,2,1,0,Sim,Sim,Advogado,Médio,1.767731367204737
84,11137.26,27.9,3781,13957.98,8,5,0,0,Não,Não,Designer,Baixo,0.3394910417822696
40,14216.06,15.3,9481,43661.52,0,3,0,0,Não,Sim,Contador,Baixo,0.666921777201278
56,5523.18,18.2,12528,16514.28,19,0,2,0,Sim,Não,Contador,Alto,2.2682585032535605
58,11750.54,18.0,15690,18595.87,12,5,2,0,Sim,Não,Professor,Médio,1.335257783897591
25,6041.93,0.3,12207,25663.16,13,2,3,0,Não,Sim,Enfermeiro,Alto,2.0203809047771157
47,14439.78,25.2,22517,32860.39,3,2,1,57,Sim,Sim,Professor,Alto,1.5593727882280755
75,10037.5,12.2,4391,16353.84,16,1,3,0,Sim,Não,Engenheiro,Baixo,0.43745952677459526
73,17677.08,10.2,38529,64180.16,13,0,0,0,Não,Não,Médico,Alto,2.179602060973871
60,11621.31,20.3,25384,12011.86,13,3,2,0,Sim,Não,Empreendedor,Alto,2.1842632198951755
38,6336.63,18.7,16578,30020.68,19,5,3,45,Sim,Sim,Empreendedor,Alto,2.6162171375005325
45,7748.35,2.9,2442,11978.06,13,0,0,0,Sim,Não,Advogado,Baixo,0.31516387359889525
42,13961.31,19.3,38262,33869.34,18,4,0,0,Não,Sim,Professor,Alto,2.7405737713724574
42,18572.65,4.3,40989,89850.41,20,2,3,0,Não,Não,Engenheiro,Alto,2.2069548502771545
48,11241.49,16.0,19972,48272.73,3,2,0,0,Não,Não,Engenheiro,Médio,1.7766328129100324
31,4829.2,28.7,8756,21241.75,6,0,0,5,Sim,Sim,Engenheiro,Médio,1.8131367514288081
35,14720.3,24.7,7054,70312.65,18,1,2,0,Sim,Não,Advogado,Baixo,0.47920219017275467
86,8035.7,18.2,9007,14556.87,20,0,0,0,Sim,Não,Designer,Médio,1.1208731037744066
72,6207.27,5.6,13885,25572.62,11,2,0,0,Não,Não,Médico,Alto,2.2368931913707635
75,13270.33,6.5,13442,31890.5,18,3,1,44,Sim,Não,Enfermeiro,Alto,1.012936377618341
64,7495.05,20.3,20541,22448.55,13,4,1,14,Sim,Sim,Empreendedor,Alto,2.740608801809194
42,8071.15,22.9,18814,31504.02,3,0,2,45,Não,Não,Analista_de_TI,Alto,2.331018504178463
49,8329.81,5.1,22094,41267.14,10,1,0,0,Não,Não,Enfermeiro,Alto,2.6524014353268566
50,12023.22,25.2,33781,25408.84,13,2,2,0,Não,Sim,Designer,Alto,2.8096466670326254
24,18205.75,10.7,31253,74027.16,16,0,3,0,Sim,Não,Empreendedor,Médio,1.7166554522609616
67,9627.22,16.0,574,29481.87,7,1,0,11,Sim,Não,Contador,Médio,0.059622611719686476
43,17248.07,10.3,18436,80445.8,17,2,0,3,Não,Não,Enfermeiro,Médio,1.0688732130609395
80,6550.53,29.5,12636,19686.09,15,4,2,0,Sim,Sim,Enfermeiro,Médio,1.9290042179793085
56,19651.81,18.5,24801,58943.28,19,3,1,0,Não,Sim,Empreendedor,Médio,1.2620211573386877
52,18991.84,8.9,4089,31868.63,13,0,1,0,Não,Sim,Empreendedor,Baixo,0.21530299328553737
38,2788.42,22.4,5687,3509.49,18,1,3,0,Sim,Não,Engenheiro,Alto,2.039506243679216
38,3188.47,22.0,4485,12410.46,9,5,1,0,Não,Sim,Engenheiro,Médio,1.4066307664804751
43,8550.98,7.4,14692,29548.96,6,4,1,0,Não,Não,Advogado,Médio,1.7181656371550396
77,3521.26,0.4,7421,9162.47,16,5,0,0,Não,Sim,Contador,Alto,2.107484252795874
89,6767.93,19.3,8924,6912.4,15,4,1,0,Não,Sim,Advogado,Médio,1.3185715573299368
48,19357.99,26.5,23858,46447.27,5,4,3,0,Sim,Sim,Professor,Médio,1.2324626678699595
56,4585.28,17.9,8893,12372.43,2,1,3,0,Sim,Sim,Contador,Médio,1.9394671644915906
60,11137.26,20.4,3534,10410.41,12,0,0,57,Não,Não,Engenheiro,Alto,0.3173132350326741
20,4965.93,29.9,7431,11313.49,20,2,3,0,Não,Não,Engenheiro,Médio,1.4963964453788112
62,13386.58,20.8,37880,41046.17,2,2,0,0,Não,Não,Engenheiro,Alto,2.8296995946686905
22,11260.59,7.6,23461,52842.66,0,4,3,0,Sim,Sim,Médico,Alto,2.083460990942748
61,6140.22,22.8,13452,26751.93,18,3,0,27,Sim,Sim,Empreendedor,Alto,2.1908009810723392
49,6854.09,21.2,19090,29460.41,10,2,3,0,Sim,Sim,Enfermeiro,Alto,2.7851983268384277
39,13372.94,15.6,18067,65444.97,11,0,0,0,Sim,Sim,Enfermeiro,Médio,1.3510118193905005
49,13809.43,9.5,14340,63117.1,16,4,0,0,Não,Sim,Designer,Médio,1.0384208472036862
33,13740.38,2.2,40129,55430.51,1,3,1,0,Não,Sim,Enfermeiro,Alto,2.9205160264854393
61,16755.62,9.6,3918,28883.0,15,4,1,0,Não,Não,Engenheiro,Baixo,0.23383199189286938
54,7364.34,1.9,9785,26657.48,20,4,2,34,Sim,Sim,Contador,Alto,1.32870019580845
42,3562.95,16.1,154,9887.38,12,3,3,37,Não,Sim,Contador,Alto,0.04322261047727305
87,14938.67,15.5,25965,51997.48,15,1,2,0,Não,Não,Advogado,Médio,1.738106538266124
20,18493.65,6.2,7972,64814.24,12,1,2,0,Sim,Sim,Contador,Baixo,0.43106687971276625
84,19713.75,3.4,58298,32778.28,11,1,0,9,Não,Não,Designer,Alto,2.9572252869190288
38,8528.28,0.7,19264,35668.3,16,2,1,0,Sim,Sim,Contador,Alto,2.2588376554240712
45,19010.84,7.2,39150,75810.75,15,5,2,0,Não,Sim,Analista_de_TI,Alto,2.0593514016213907
27,18490.15,16.3,14456,22888.85,12,1,3,0,Não,Sim,Advogado,Baixo,0.781821672620287
61,11698.86,6.9,25827,25608.65,19,0,0,0,Sim,Não,Analista de TI,Alto,2.207651001892492
74,2723.58,10.7,5972,5306.29,4,0,1,0,Sim,Não,Médico,Alto,2.192702252182789
88,16774.36,5.9,8410,66187.48,8,4,0,0,Não,Não,Enfermeiro,Baixo,0.5013604095774742
29,16843.99,12.4,28890,22135.41,2,4,0,0,Sim,Sim,Enfermeiro,Médio,1.7151518137923376
30,2581.88,7.7,3314,4187.24,17,5,1,0,Não,Sim,Advogado,Médio,1.2835608161494725
63,18852.01,29.9,37524,49939.52,11,3,3,0,Não,Sim,Engenheiro,Médio,1.9904508856084844
77,11985.93,27.2,4984,23342.99,18,4,2,0,Não,Não,Analista de TI,Baixo,0.4158208833190249
59,4969.68,7.0,7638,13114.89,1,2,2,0,Sim,Não,Analista de TI,Médio,1.5369198821654513
84,9161.55,13.5,22060,27960.08,7,5,0,0,Não,Sim,Contador,Alto,2.407889494681577
75,14536.25,29.6,3997,39080.5,6,5,0,0,Sim,Não,Advogado,Baixo,0.27496775303121507
85,11293.16,11.4,16653,20144.17,3,3,0,0,Sim,Não,Analista de TI,Médio,1.4746094095895215
79,13826.82,16.7,4375,32196.82,7,0,2,0,Sim,Não,Contador,Baixo,0.31641404169577675
44,8773.42,19.7,10034,41314.16,14,0,2,32,Sim,Sim,Analista de TI,Alto,1.1436817113508757
85,14902.06,27.4,3433,45252.04,0,4,1,0,Sim,Não,Advogado,Baixo,0.2303708346362852
51,10871.66,13.0,7455,51012.94,4,2,2,0,Sim,Sim,Engenheiro,Baixo,0.6857278465294169
38,6676.2,14.6,13211,7867.02,8,1,0,0,Não,Não,Professor,Médio,1.978820286989605
78,18698.02,23.5,33398,86472.06,12,2,3,0,Não,Sim,Enfermeiro,Médio,1.7861784295877317
38,11985.48,19.6,18186,24297.84,13,4,2,59,Sim,Não,Contador,Alto,1.5173359765316032
75,11137.26,13.9,7920,7541.87,16,3,3,0,Sim,Sim,Professor,Médio,0.7111264350477586
57,8044.2,13.6,8038,23293.95,1,0,3,0,Sim,Sim,Professor,Baixo,0.9992292583476293
76,12131.12,8.9,7609,18943.58,7,2,3,0,Não,Sim,Enfermeiro,Baixo,0.6272298023595513
84,13347.02,25.5,25358,42310.32,2,0,2,0,Não,Não,Empreendedor,Médio,1.8998997529036443
35,9824.24,17.0,27432,21941.06,0,5,0,41,Não,Sim,Contador,Alto,2.792277061635302
52,2923.16,2.4,1039,13619.46,10,3,1,0,Não,Não,Professor,Baixo,0.3554372665197937
45,19518.33,21.2,6503,49682.91,1,1,2,0,Não,Não,Advogado,Baixo,0.33317399593100433
70,15447.93,13.8,3558,64266.62,10,5,0,0,Não,Não,Analista TI,Baixo,0.23032212082783907
50,13872.81,18.5,22106,23415.77,16,4,1,0,Sim,Não,Enfermeiro,Médio,1.5934767361479039
29,11137.26,20.4,7338,12535.25,16,5,0,0,Não,Não,Enfermeiro,Médio,0.6588694167147036
23,6612.44,21.4,3073,20456.12,20,4,0,0,Não,Sim,Médico,Baixo,0.4647301147534042
61,19287.23,22.4,28457,37888.07,20,1,1,0,Não,Não,Analista de TI,Médio,1.475432190107133
83,13105.19,11.7,34884,43489.81,18,5,2,0,Não,Não,Médico,Alto,2.661846184603199
70,7857.94,26.2,14097,34533.13,5,2,1,0,Não,Sim,Empreendedor,Médio,1.7939816287729355
56,6956.7,1.8,2490,21481.38,13,3,1,0,Sim,Não,Analista de TI,Baixo,0.3579283280865928
87,15669.17,27.2,46941,47732.11,10,3,1,0,Não,Não,Empreendedor,Alto,2.995755359090494
62,6051.2,21.9,13530,17480.17,5,5,3,50,Sim,Não,Contador,Alto,2.2359201480698045
73,10692.37,19.4,19327,28728.15,2,4,0,44,Sim,Não,Contador,Alto,1.8075506178705
86,10807.12,1.7,20506,51502.43,12,4,0,10,Não,Sim,Designer,Médio,1.8974527903826366
38,17989.28,28.4,50312,20781.43,12,3,3,0,Sim,Sim,Enfermeiro,Alto,2.7967767470404596
27,6024.21,3.7,12810,6572.06,6,2,1,27,Não,Sim,Advogado,Alto,2.1264198957207667
34,19202.56,17.4,40050,90201.72,9,1,2,0,Não,Não,Empreendedor,Alto,2.0856594120783893
39,15277.95,27.5,31168,28087.42,8,2,0,0,Sim,Não,Enfermeiro,Alto,2.0400642756390743
42,16957.85,24.0,50795,34424.65,7,3,1,0,Não,Não,Engenheiro,Alto,2.995367926948287
60,13175.29,13.7,11848,26304.75,4,3,2,0,Sim,Não,Enfermeiro,Baixo,0.8992591434420039
36,19035.23,26.4,13357,92547.08,13,5,0,0,Não,Não,Médico,Baixo,0.7016989025086642
63,12987.73,27.9,20186,51253.15,12,5,0,0,Sim,Sim,Professor,Médio,1.554236190619916
56,10010.74,27.7,19767,39237.56,19,0,3,0,Sim,Sim,Designer,Médio,1.9745793018298348
43,19761.28,24.3,38310,37897.89,20,2,1,0,Não,Não,Empreendedor,Médio,1.938639602292969
78,2493.63,28.0,3149,6166.26,9,3,0,42,Não,Não,Médico,Alto,1.2628176593961413
50,12942.09,18.6,19420,38503.96,5,4,2,0,Não,Não,Médico,Médio,1.5005304398284975
50,8909.31,18.2,9626,34485.73,1,3,0,39,Sim,Não,Médico,Alto,1.0804428176817285
69,8981.9,10.9,7774,17687.43,5,4,0,0,Sim,Sim,Enfermeiro,Baixo,0.8655184315122636
40,18289.24,29.2,26608,61060.24,5,5,2,0,Sim,Não,Designer,Médio,1.4548444877971964
57,15177.12,8.8,14718,23727.58,4,2,2,38,Não,Sim,Médico,Alto,0.9697492014295201
86,13778.21,10.1,21327,29969.23,18,4,0,0,Não,Sim,Analista de TI,Médio,1.547878860897025
61,19702.28,11.9,42337,65497.67,0,3,1,0,Sim,Sim,Contador,Alto,2.1488375964609174
76,6774.5,9.5,16198,12483.81,20,5,0,0,Não,Sim,Analista de TI,Alto,2.3910251679090706
85,12292.11,13.5,25063,60599.96,16,0,0,8,Não,Sim,Empreendedor,Alto,2.038950188372867
44,12761.98,21.3,14889,25317.36,13,3,2,0,Sim,Não,Contador,Médio,1.1666684950140966
21,5432.92,7.8,8855,15901.8,3,4,0,0,Sim,Sim,Analista de TI,Médio,1.6298785919910472
36,3392.47,18.2,6234,8561.21,13,5,2,21,Sim,Não,Contador,Médio,1.8375991534191902
46,10281.11,22.7,24019,30039.59,6,2,0,0,Não,Sim,Advogado,Alto,2.3362263413191764
58,15327.28,1.2,17685,52366.76,1,4,0,0,Não,Sim,Empreendedor,Médio,1.153825075290593
48,2910.14,18.6,2561,13814.12,19,4,1,0,Sim,Não,Designer,Baixo,0.8800263904829322
77,5366.18,9.4,2414,19931.13,14,5,1,0,Não,Sim,Empreendedor,Baixo,0.449854458851548
20,4966.56,11.2,5169,13054.74,1,4,1,0,Não,Sim,Empreendedor,Médio,1.0407606069392092
43,7565.3,11.5,11304,25733.37,19,5,1,13,Não,Sim,Empreendedor,Médio,1.4941905806775673
27,10793.68,22.0,21405,24301.16,20,0,0,20,Sim,Sim,Empreendedor,Médio,1.983104928069018
27,9004.85,22.7,9041,20958.05,9,2,0,26,Não,Sim,Advogado,Médio,1.0040145032954464
39,14730.57,24.5,38110,45983.96,9,2,3,0,Não,Não,Contador,Alto,2.587136818195087
27,10649.74,11.0,10976,52978.81,19,5,1,0,Sim,Não,Professor,Médio,1.0306354896927061
82,4067.71,1.8,11356,17071.18,5,0,1,0,Sim,Não,Professor,Alto,2.7917427741899004
64,14587.3,27.7,21648,61420.74,7,3,0,0,Não,Não,Enfermeiro,Médio,1.4840306293830936
63,6138.6,16.8,4674,29219.69,20,0,0,0,Sim,Sim,Professor,Baixo,0.7614113967354119
34,8481.86,28.1,12195,9171.53,17,3,2,0,Sim,Sim,Empreendedor,Médio,1.4377742617774874
86,5704.36,7.8,2508,14511.02,8,3,1,0,Não,Sim,Médico,Baixo,0.4396636958396735
80,4957.31,12.0,3165,18099.34,19,2,0,0,Sim,Sim,Empreendedor,Baixo,0.6384510954529775
27,5441.43,6.7,11559,25350.19,5,3,2,0,Não,Sim,Engenheiro,Alto,2.1242577778267844
54,18236.38,17.1,6677,45214.16,6,3,2,0,Sim,Não,Advogado,Baixo,0.3661362616922876
36,6759.82,3.7,5353,20073.87,1,1,0,0,Sim,Não,Professor,Baixo,0.7918849910204709
63,16035.68,24.3,588,65925.59,10,3,1,0,Sim,Sim,Advogado,Baixo,0.036668229847440205
22,11137.26,1.3,9866,24033.97,18,4,1,0,Não,Sim,Enfermeiro,Médio,0.8858552283057053
21,12436.22,14.9,2688,17712.49,9,2,3,54,Não,Não,Enfermeiro,Alto,0.21614284726387922
67,2230.2,27.4,123,7859.13,20,2,1,0,Não,Não,Enfermeiro,Baixo,0.055152004304546684
74,11137.26,1.0,2208,18340.16,11,1,1,0,Não,Sim,Analista de TI,Baixo,0.19825343037695087
41,2252.12,25.3,6442,2794.35,11,2,0,0,Não,Não,Advogado,Alto,2.860415963625384
53,5868.4,25.6,8910,28938.67,10,0,2,0,Não,Sim,Enfermeiro,Médio,1.5183014109467659
39,4848.52,1.8,4422,6560.47,15,1,0,0,Não,Não,Engenheiro,Baixo,0.9120308877760636
63,14332.94,28.9,27639,29303.61,7,3,1,0,Sim,Sim,Engenheiro,Médio,1.9283552432369073
37,17112.45,12.8,42605,80875.49,17,2,0,0,Sim,Não,Enfermeiro,Alto,2.489707785851821
42,5552.24,22.4,10872,25995.24,1,5,3,0,Não,Sim,Enfermeiro,Médio,1.9581286111551375
58,11137.26,23.9,3777,8700.34,17,0,1,15,Sim,Não,Contador,Médio,0.33913188701709396
35,18407.2,0.9,929,70261.52,10,1,2,0,Sim,Não,Enfermeiro,Baixo,0.05046938154635142
58,19273.81,1.4,46635,75136.34,17,1,0,42,Não,Sim,Médico,Alto,2.4196046344754873
27,19253.11,15.1,31135,75058.41,9,1,1,0,Sim,Não,Advogado,Médio,1.6171413345688046
63,13045.69,7.2,25518,25236.08,7,2,0,0,Sim,Sim,Engenheiro,Médio,1.9560483194066391
50,3858.91,12.3,2180,12156.61,11,3,0,0,Não,Sim,Analista de TI,Baixo,0.5649263652171209
64,16056.29,1.2,45409,23285.81,11,5,2,0,Não,Sim,Professor,Alto,2.828112845495441
39,10840.3,5.6,15714,19013.16,7,4,2,36,Sim,Sim,Analista de TI,Alto,1.449590878481223
80,3191.76,16.7,9246,4470.13,3,2,0,0,Não,Não,Engenheiro,Alto,2.8968343484472516
75,15056.27,14.7,8548,57703.53,14,2,0,8,Sim,Sim,Advogado,Médio,0.5677368963229272
39,18005.36,21.1,36266,72555.18,11,3,3,29,Não,Sim,Empreendedor,Alto,2.014178000328791
79,4677.94,3.7,11028,17659.15,15,1,3,44,Não,Sim,Empreendedor,Alto,2.357447936484863
78,17719.98,12.7,18501,33164.65,0,1,0,0,Não,Sim,Advogado,Médio,1.0440756705143008
61,10334.89,23.5,14932,48597.13,7,5,1,0,Sim,Não,Designer,Médio,1.4448146037355019
42,11137.26,14.9,9046,9464.29,12,4,0,0,Sim,Sim,Advogado,Médio,0.8122285014447
77,10718.38,13.9,16797,32493.43,14,0,3,25,Sim,Sim,Empreendedor,Médio,1.5671211507709188
60,10490.41,11.0,10912,35463.64,17,5,1,0,Não,Não,Advogado,Médio,1.0401881337335719
52,10071.21,5.6,232,22635.54,5,1,2,46,Não,Não,Professor,Alto,0.0230359609222725
72,12828.56,3.7,24412,58646.9,17,4,1,0,Sim,Sim,Designer,Médio,1.9029415616405896
87,8254.48,14.3,7324,28915.37,5,1,1,2,Sim,Não,Médico,Médio,0.887275758133765
38,8094.75,0.4,4873,21231.22,16,2,3,0,Sim,Sim,Advogado,Baixo,0.6019951202940177
41,13312.18,11.7,6337,30437.43,17,4,0,0,Sim,Sim,Médico,Baixo,0.4760302219471191
36,9006.5,26.0,23654,41797.27,8,1,2,7,Não,Sim,Contador,Alto,2.6263254316327096
77,16155.77,25.7,28733,38658.59,18,5,3,0,Não,Sim,Empreendedor,Médio,1.7784977132009183
29,17374.03,19.9,35485,72034.92,7,5,2,0,Sim,Não,Empreendedor,Alto,2.0424161809321153
56,11041.96,5.7,1367,38040.43,13,1,2,0,Sim,Sim,Professor,Baixo,0.12380048469655751
78,2549.33,27.0,7641,10875.67,4,5,0,0,Não,Sim,Analista de TI,Alto,2.9972581031094445
41,9636.48,5.7,11632,18176.4,6,0,1,43,Não,Sim,Empreendedor,Alto,1.2070797635651194
72,3754.52,17.0,6867,12461.97,13,2,1,42,Sim,Sim,Enfermeiro,Alto,1.8289954508166157
38,7640.75,3.6,1522,11163.99,2,5,1,0,Sim,Sim,Designer,Baixo,0.1991951051925531
67,13814.87,0.7,15641,19974.12,3,1,0,0,Sim,Não,Advogado,Médio,1.1321858258528672
27,15643.46,20.1,24160,58216.48,15,2,0,0,Sim,Sim,Médico,Médio,1.5444153659100992
27,2641.84,27.3,4791,6466.82,1,4,2,0,Sim,Não,Prof.,Médio,1.813508766617206
90,13923.38,7.5,18803,33607.16,8,1,1,17,Não,Sim,Designer,Médio,1.3504623159031788
81,3965.32,15.1,8115,7861.82,6,2,2,34,Sim,Sim,Contador,Alto,2.0464930951348186
32,4449.09,23.2,13150,14172.64,16,0,2,0,Sim,Sim,Médico,Alto,2.9556605957622795
24,8327.36,15.6,5106,40781.7,19,2,1,0,Não,Sim,Contador,Baixo,0.613159512738731
89,4986.81,28.1,14664,23408.36,3,2,0,25,Não,Não,Analista de TI,Alto,2.9405571898668685
60,7975.98,24.6,23163,9245.09,17,2,3,0,Não,Sim,Médico,Alto,2.9040945438679637
60,18116.81,28.5,3009,63216.71,17,0,3,0,Sim,Não,Professor,Baixo,0.16608884235138524
25,6852.25,13.1,10019,15045.13,0,3,2,0,Sim,Não,Enfermeiro,Médio,1.4621474698091868
52,14281.3,15.2,39518,45195.1,13,2,2,15,Não,Não,Empreendedor,Alto,2.767115038546911
63,17553.84,2.9,9185,46858.01,19,3,1,0,Não,Não,Médico,Baixo,0.5232473350560333
89,6699.96,7.6,16673,16901.17,9,4,0,0,Sim,Não,Professor,Alto,2.488522319536236
70,4231.22,23.6,1814,18091.09,4,0,2,0,Não,Sim,Designer,Baixo,0.4287179584138853
42,13494.74,24.9,12156,47794.77,14,2,3,0,Não,Não,Analista de TI,Baixo,0.9007954210307128
24,8434.45,22.1,23264,20985.39,3,2,0,7,Sim,Sim,Contador,Alto,2.7582118573232397
28,9690.23,29.1,25616,27656.92,10,2,3,60,Sim,Sim,Analista de TI,Alto,2.643487306286848
66,18476.64,19.1,8156,72028.76,2,1,0,0,Não,Sim,Engenheiro,Baixo,0.44142224993288826
85,7421.22,13.9,4884,30361.33,14,3,2,0,Sim,Sim,Engenheiro,Baixo,0.658112817030084
42,3229.54,20.8,7751,14598.87,15,1,1,29,Não,Sim,Advogado,Alto,2.400032202728562
90,9933.68,12.7,333,12017.43,6,2,2,58,Sim,Sim,Médico,Alto,0.033522320026415184
46,3705.38,7.1,10241,16899.78,15,1,0,0,Não,Não,Analista de TI,Alto,2.7638190954773867
34,18076.67,6.5,41199,21588.26,6,2,3,53,Não,Sim,Médico,Alto,2.2791255247786237
43,3556.64,23.2,7564,11802.54,3,4,2,0,Não,Não,Enfermeiro,Alto,2.1267263484637184
84,7268.61,4.1,13327,27141.86,15,5,2,0,Sim,Sim,Professor,Médio,1.8335004904651646
71,19977.49,19.5,15010,39061.19,10,3,3,0,Não,Não,Contador,Baixo,0.7513456395172766
72,5082.88,13.2,3834,10284.15,17,4,1,0,Sim,Não,Designer,Baixo,0.7542967766305716
21,12489.12,26.1,7331,52954.65,1,5,3,0,Não,Sim,Professor,Baixo,0.5869909168940646
37,16889.49,21.8,5044,42197.45,6,0,3,0,Sim,Não,Analista de TI,Baixo,0.2986472652519407
26,13555.6,20.5,29668,51159.23,14,4,3,0,Sim,Sim,Designer,Alto,2.1886157750302457
20,15373.77,21.2,40607,41561.85,14,2,1,0,Sim,Não,Empreendedor,Alto,2.6413169964166237
77,4385.94,6.3,5930,5296.36,7,1,0,26,Não,Sim,Enfermeiro,Médio,1.3520476796308205
74,18139.16,26.3,23638,41948.96,18,1,3,0,Não,Sim,Analista de TI,Médio,1.3031474445343665
39,2786.11,2.7,1712,9038.26,2,4,1,0,Sim,Sim,Enfermeiro,Baixo,0.614476815344692
74,11743.34,3.8,29664,51456.87,0,4,1,0,Não,Sim,Enfermeiro,Alto,2.5260275185764867
28,14206.28,18.5,37357,35702.13,17,5,2,0,Não,Não,Empreendedor,Alto,2.6296116928569617
41,11782.02,18.9,33471,24562.44,20,2,0,0,Não,Não,Engenheiro,Alto,2.840854114998956
42,11137.26,12.0,612,18065.68,5,5,0,0,Sim,Não,Professor,Baixo,0.054950679071872253
67,18215.41,13.6,28072,87347.12,5,5,0,28,Não,Não,Engenheiro,Médio,1.5411127171993384
63,12890.65,13.2,34177,34892.21,2,5,0,0,Sim,Não,Advogado,Alto,2.651301524748558
75,8949.22,16.7,2647,43504.5,8,0,3,0,Não,Sim,Médico,Baixo,0.2957799674161547
48,2962.01,29.8,3768,13949.49,13,5,1,59,Não,Sim,Advogado,Alto,1.2721091421028288
76,7687.28,11.5,18617,10255.96,9,2,3,37,Sim,Sim,Enfermeiro,Alto,2.4217928838288705
31,17743.31,9.3,24790,70342.82,19,2,0,0,Sim,Não,Médico,Médio,1.3971463047199197
19,12780.62,8.0,7794,26778.42,17,3,2,0,Não,Não,Engenheiro,Baixo,0.6098295700834544
73,12146.02,17.9,27511,31876.27,3,2,2,0,Não,Sim,Contador,Alto,2.2650217931470555
41,6862.67,19.9,4742,23957.91,19,3,2,47,Sim,Sim,Contador,Alto,0.6909847042040489
34,7539.41,29.0,538,22051.27,19,2,1,45,Sim,Não,Advogado,Alto,0.07135836889093444
50,14184.84,27.9,10817,65851.68,7,3,1,9,Não,Não,Designer,Médio,0.7625746924181027
57,17524.22,5.4,21710,29168.37,16,2,3,0,Sim,Sim,Designer,Médio,1.2388568506900735
84,19924.91,22.0,27743,70119.86,16,3,1,19,Não,Sim,Analista de TI,Médio,1.3923776820070957
62,8675.52,27.2,3078,10037.95,20,0,2,0,Sim,Sim,Engenheiro,Baixo,0.3547914130795618
63,6089.06,13.8,14958,28384.53,10,5,0,0,Não,Não,Advogado,Alto,2.4565368053525503
68,9099.79,29.5,20740,25012.78,0,0,3,49,Não,Sim,Engenheiro,Alto,2.2791734754318504
71,12818.4,28.8,14418,25760.95,8,0,3,0,Sim,Sim,Professor,Médio,1.1247893652873995
58,12450.54,28.4,31174,60996.32,16,0,2,49,Sim,Sim,Professor,Alto,2.503827143240373
89,18518.48,10.8,25680,85061.11,7,3,1,0,Não,Não,Médico,Médio,1.3867228843835995
52,18703.06,14.8,46724,73461.47,7,4,2,1,Sim,Sim,Professor,Alto,2.4982008291691304
70,12400.7,15.5,25735,31350.41,4,1,3,0,Não,Sim,Professor,Alto,2.0752860725604196
90,5422.38,16.2,7413,12466.41,12,5,1,0,Sim,Não,Analista de TI,Médio,1.367111858630343
44,7565.21,7.5,17743,20518.67,7,2,1,0,Não,Não,Analista de TI,Alto,2.3453413718852483
58,9882.14,8.9,25291,27926.6,0,5,2,0,Não,Sim,Designer,Alto,2.5592634793678295
71,2177.68,6.3,5102,2508.06,14,4,0,0,Sim,Sim,Advogado,Alto,2.3428602916865655
89,11741.85,21.6,28037,43062.2,16,1,2,0,Não,Sim,Médico,Alto,2.3877838671078235
22,12700.68,24.3,2298,25381.49,10,3,1,0,Sim,Não,Designer,Baixo,0.18093519402110753
60,19973.69,13.1,40068,37008.46,20,3,3,23,Não,Não,Designer,Alto,2.006038944231136
59,7930.1,16.2,17221,23134.13,15,2,0,0,Sim,Não,Contador,Alto,2.1715993493146364
82,3620.34,28.5,9304,15665.66,11,1,3,0,Sim,Não,Advogado,Alto,2.56992437174409
57,16943.9,7.6,12414,62752.67,4,3,2,0,Não,Não,Empreendedor,Baixo,0.7326530491799408
50,19793.17,21.3,25505,60596.98,15,4,3,0,Não,Não,Engenheiro,Médio,1.2885758067050403
76,18515.07,20.1,23382,58988.9,13,3,0,0,Sim,Sim,Designer,Médio,1.262863170379588
69,11429.03,4.9,25234,37042.9,0,1,2,37,Não,Sim,Designer,Alto,2.2078864085578567
60,14636.26,28.3,12290,72069.04,5,4,1,0,Não,Sim,Enfermeiro,Baixo,0.8396953866629863
82,4303.85,0.7,8245,19338.32,19,4,2,0,Sim,Não,Enfermeiro,Médio,1.9157266168662939
84,18143.08,7.6,22326,77973.76,0,5,0,0,Não,Sim,Advogado,Médio,1.2305518136942568
21,16099.53,9.5,15119,22788.11,2,5,1,0,Sim,Não,Empreendedor,Baixo,0.9390957375774324
19,4688.27,0.2,7585,8251.99,18,5,2,0,Não,Não,Enfermeiro,Médio,1.617867571620235
63,7855.74,9.8,14890,9262.39,19,2,2,0,Sim,Sim,Empreendedor,Médio,1.8954293293820825
84,7979.87,5.5,22844,32091.37,5,0,2,0,Não,Sim,Enfermeiro,Alto,2.862703277121056
48,10854.31,4.5,16412,28194.71,12,3,0,0,Não,Não,Analista de TI,Médio,1.5120260983885665
29,12646.27,26.9,35762,49412.08,12,0,3,0,Não,Não,Designer,Alto,2.8278694033892995
38,15629.48,23.2,13658,63311.04,18,0,3,0,Sim,Não,Enfermeiro,Baixo,0.873861446446075
79,14438.46,12.7,23614,48770.69,5,0,0,0,Não,Sim,Contador,Médio,1.635492981938517
24,10207.28,24.3,20851,46200.74,1,0,0,7,Sim,Não,Advogado,Alto,2.0427577180208636
27,8407.23,4.6,8596,9394.04,15,2,3,0,Não,Sim,Analista de TI,Médio,1.02245329317742
74,6559.73,4.9,9576,9010.29,9,1,1,0,Sim,Sim,Professor,Médio,1.459816181458688
68,8386.41,21.6,17996,9682.32,11,1,2,10,Sim,Sim,Designer,Alto,2.1458526353946445
90,13844.48,28.4,25573,15308.98,15,1,2,38,Não,Sim,Analista de TI,Alto,1.8471621902736688
42,5173.39,21.0,9149,14600.21,10,3,3,0,Não,Não,Analista TI,Médio,1.7684728968819283
34,8213.96,23.0,15463,8338.34,15,4,2,21,Sim,Sim,Engenheiro,Médio,1.882526820193914
41,17998.21,14.9,48333,22535.84,2,2,3,0,Sim,Não,Designer,Alto,2.6854337181308585
24,15990.0,5.2,4556,49168.07,11,2,2,0,Sim,Não,Designer,Baixo,0.2849280800500313
31,7697.68,13.8,14874,23316.48,17,3,0,29,Não,Sim,Médico,Médio,1.9322705022812068
42,2310.62,6.0,17,3979.22,8,3,0,49,Sim,Não,Empreendedor,Alto,0.007357332663960323
57,10016.14,8.2,3686,36940.62,19,1,0,12,Sim,Não,Professor,Médio,0.36800603825425765
74,14371.32,25.7,16145,29406.45,0,1,2,0,Não,Não,Advogado,Médio,1.123418029798237
45,11137.26,20.5,32618,46032.36,13,4,1,59,Não,Não,Designer,Alto,2.928727532624721
65,6291.08,6.3,13276,28450.67,14,2,0,0,Sim,Sim,Contador,Alto,2.11028948924509
58,13162.77,29.7,2395,17081.95,7,0,2,0,Não,Não,Analista de TI,Baixo,0.18195258292897315
45,3386.62,10.0,4798,6533.35,13,2,2,0,Sim,Sim,Empreendedor,Médio,1.4167518056351172
23,17269.29,1.7,24214,50102.46,14,4,0,0,Sim,Sim,Contador,Médio,1.4021421841893904
46,17782.88,29.6,39578,41519.79,14,2,2,0,Não,Não,Empreendedor,Alto,2.2256237459849024
88,19820.61,8.9,414,80679.16,15,5,3,55,Não,Sim,Médico,Alto,0.020887349077551094
42,11236.86,24.7,22094,32021.17,12,3,0,0,Sim,Não,Professor,Médio,1.9662076416365424
77,11137.26,24.7,4182,8773.14,12,4,1,0,Não,Não,Designer,Baixo,0.37549630699112707
83,2234.58,5.5,3335,8961.27,4,3,1,0,Sim,Não,Advogado,Médio,1.4924504828647889
31,12617.45,22.6,9099,51052.27,7,1,3,0,Não,Sim,Professor,Baixo,0.721144129756805
61,16116.17,0.8,28446,79583.49,12,1,1,0,Sim,Sim,Contador,Médio,1.7650595644002265
29,17417.42,3.5,47885,81527.76,1,3,0,10,Não,Não,Médico,Alto,2.7492590751098613
39,8280.03,22.8,8895,39962.03,4,0,0,0,Não,Sim,Enfermeiro,Médio,1.0742714700309055
25,14522.2,28.5,12170,24754.75,9,3,3,0,Não,Não,Engenheiro,Baixo,0.8380272961397033
46,11137.26,13.9,6536,15933.78,8,5,3,0,Não,Não,Enfermeiro,Médio,0.5868588862969887
37,10597.36,15.7,16821,47421.73,2,4,0,0,Não,Sim,Professor,Médio,1.5872821155457584
26,8008.98,3.7,3850,33550.67,15,5,2,0,Sim,Sim,Engenheiro,Baixo,0.4807104025731117
76,14728.91,25.1,1745,52904.05,7,5,3,0,Sim,Não,Analista de TI,Baixo,0.11847448317628392
57,19788.11,11.3,30010,54829.84,6,1,3,0,Não,Sim,Professor,Médio,1.51656727196281
85,16408.35,2.1,27754,36547.34,15,2,3,12,Sim,Sim,Médico,Médio,1.6914558746004322
39,14558.88,13.0,40443,43789.56,20,3,1,0,Não,Sim,Designer,Alto,2.7778922554482213
60,9034.81,17.7,9821,42439.27,0,2,1,0,Não,Não,Advogado,Médio,1.0870178786272209
50,4083.88,6.4,1192,8586.41,13,3,1,0,Não,Sim,Engenheiro,Baixo,0.291879291262231
43,16112.79,22.1,12121,33072.12,5,0,0,0,Sim,Não,Médico,Baixo,0.752259540402376
37,19964.66,10.7,25606,54499.27,18,2,1,0,Sim,Não,Enfermeiro,Médio,1.2825662946426335
43,6389.42,20.1,15296,20191.56,6,3,2,0,Não,Sim,Analista de TI,Alto,2.393957511010389
59,3569.79,29.6,8156,3622.69,19,4,2,0,Sim,Sim,Advogado,Alto,2.2847282333134444
47,2650.95,27.7,2990,7069.01,16,2,3,0,Não,Não,Enfermeiro,Médio,1.1278975461626966
69,8684.09,19.6,7925,33686.01,1,4,1,0,Não,Não,Analista de TI,Baixo,0.9125884231969037
32,16104.46,15.3,7116,75460.4,17,5,0,0,Sim,Não,Empreendedor,Baixo,0.4418651727533863
34,10580.88,7.8,29908,44052.17,0,1,1,0,Sim,Não,Engenheiro,Alto,2.8266079947981644
22,18769.68,25.4,47986,62138.29,11,4,1,38,Não,Não,Designer,Alto,2.556569957505935
84,19566.84,21.9,39755,97632.3,20,1,2,0,Sim,Não,Enfermeiro,Alto,2.031753722113535
79,16504.13,29.1,30283,17319.79,9,1,3,0,Sim,Não,Analista de TI,Médio,1.834874058796192
31,16297.7,19.1,11887,77001.89,9,5,0,0,Sim,Não,Professor,Baixo,0.7293667204574878
25,19440.94,25.8,28962,58324.79,6,1,1,34,Não,Não,Designer,Alto,1.4897427799273082
19,9261.69,1.8,18411,37582.15,15,0,0,0,Não,Não,Empreendedor,Médio,1.9878661453795148
86,17670.78,4.5,44592,37269.63,4,0,0,0,Não,Sim,Médico,Alto,2.5234879275278175
39,18124.24,22.7,45389,74772.19,12,2,2,0,Não,Sim,Analista de TI,Alto,2.5043256986223974
40,7270.29,7.3,14362,10446.57,5,4,3,27,Sim,Sim,Empreendedor,Médio,1.9754370183307681
63,8652.92,8.3,1057,19056.55,17,3,3,0,Não,Não,Engenheiro,Baixo,0.12215529555340857
36,11967.32,29.4,28590,27719.79,7,4,3,0,Não,Não,Advogado,Alto,2.3890060598362877
82,3396.06,19.0,101,14287.5,10,2,3,0,Não,Sim,Enfermeiro,Baixo,0.029740346165851018
28,5312.75,6.5,1384,13058.12,20,0,3,35,Não,Sim,Contador,Alto,0.26050538798174205
69,17709.09,27.2,27333,21328.1,15,4,0,0,Sim,Não,Analista de TI,Médio,1.5434446377538316
25,7026.1,4.4,19837,10435.69,15,0,2,0,Não,Sim,Médico,Alto,2.823330154708871
33,11378.49,16.7,32425,13828.87,7,0,1,0,Sim,Não,Advogado,Alto,2.849675132640623
32,18197.19,23.5,51448,89488.97,11,4,1,0,Sim,Não,Professor,Alto,2.8272497017396643
69,19936.06,18.6,22732,33212.98,1,0,0,27,Não,Não,Advogado,Médio,1.140245364430083
33,17000.28,17.4,22790,75849.95,1,1,0,0,Não,Não,Médico,Médio,1.3405661553809702
87,12016.84,14.8,30549,26971.75,18,1,2,0,Sim,Não,Designer,Alto,2.5421824705995917
86,13631.68,5.0,26716,67713.55,0,3,3,0,Sim,Não,Enfermeiro,Médio,1.9598464752693725
68,14774.01,26.4,20750,28564.68,19,5,3,0,Sim,Sim,Advogado,Médio,1.4044934313703592
40,2738.06,7.2,5057,5125.79,13,2,0,0,Sim,Não,Médico,Médio,1.8469281169879403
59,15455.35,15.7,9493,50035.54,1,0,1,0,Sim,Sim,Analista de TI,Baixo,0.6142209655556167
87,17694.13,15.5,49994,62209.25,15,2,3,0,Não,Sim,Professor,Alto,2.8254568040361407
62,10975.59,9.0,29106,13394.17,4,0,1,0,Sim,Sim,Advogado,Alto,2.651884773392592
44,7015.2,8.3,7900,13860.99,1,1,3,0,Sim,Não,Professor,Médio,1.1261261261261262
43,6546.62,9.4,280,30188.58,0,1,2,0,Sim,Sim,Engenheiro,Baixo,0.04277016231276598
35,7356.71,22.8,8948,11043.81,8,0,1,0,Sim,Sim,Designer,Médio,1.2163045709291245
72,18761.98,21.2,18431,32216.48,5,5,1,45,Sim,Sim,Engenheiro,Alto,0.9823590047532297
66,15313.02,5.4,18889,65893.2,19,1,0,0,Sim,Não,Engenheiro,Médio,1.233525457421201
84,10828.43,23.6,26394,28046.36,16,0,1,0,Não,Não,Professor,Alto,2.437472468307963
81,5349.5,21.2,13994,17715.72,14,5,0,6,Sim,Sim,Professor,Alto,2.6159454154593886
46,6638.19,15.2,7787,23612.84,6,3,2,0,Não,Não,Analista de TI,Médio,1.1730607289035113
89,16791.82,14.2,13302,78314.65,10,5,1,0,Sim,Não,Designer,Baixo,0.792171426325437
38,10667.71,21.0,9864,39219.02,0,3,1,0,Sim,Não,Enfermeiro,Baixo,0.9246595567371068
55,15285.84,23.8,29392,38481.83,8,5,0,0,Não,Não,Médico,Médio,1.9228253076049469
35,16204.68,25.5,9391,68669.98,0,1,0,0,Sim,Não,Professor,Baixo,0.5795239399975809
63,11137.26,28.2,14227,12106.08,13,4,1,0,Sim,Não,Empreendedor,Alto,1.277423711038442
66,9958.08,8.0,25485,25165.64,3,5,0,0,Sim,Não,Empreendedor,Alto,2.559228284970597
25,17170.67,24.1,34564,30639.39,13,4,0,0,Sim,Sim,Professor,Alto,2.012967461374542
45,5602.43,25.1,4281,14949.63,14,1,2,0,Sim,Não,Médico,Baixo,0.7641327067004853
81,9698.94,8.3,23062,14689.44,12,1,3,0,Não,Não,Advogado,Alto,2.377785613685619
26,15251.87,10.8,1763,68799.48,18,4,1,0,Não,Sim,Analista de TI,Baixo,0.11559238309794143
76,11137.26,11.5,116,9756.11,2,1,2,0,Sim,Não,Analista de TI,Baixo,0.010415488190093435
52,7157.8,2.5,4384,19729.48,8,4,3,0,Não,Não,Médico,Baixo,0.6124786945709575
28,11137.26,28.1,211,18245.73,4,3,0,3,Não,Sim,Engenheiro,Médio,0.01894541386301478
32,4316.08,2.5,12376,12763.47,13,4,2,0,Não,Não,Analista de TI,Alto,2.8674167299957367
21,3732.87,3.0,10591,17709.97,20,5,3,0,Sim,Não,Designer,Alto,2.837227120151519
27,16526.41,29.3,31073,21621.69,7,1,0,50,Sim,Sim,Analista de TI,Alto,1.8802026574434496
32,17996.79,25.9,35248,54045.49,12,0,3,0,Não,Sim,Designer,Médio,1.9585715008065325
84,11982.7,11.2,11206,29917.13,4,2,3,29,Não,Não,Professor,Médio,0.9351815534061605
68,11137.26,24.1,14539,24648.79,13,2,2,0,Sim,Não,Empreendedor,Alto,1.3054377827221417
71,12246.97,23.4,29878,55962.28,7,2,3,0,Sim,Sim,Professor,Alto,2.4396238416522618
25,11480.74,8.7,15944,18156.58,18,0,3,0,Não,Não,Engenheiro,Médio,1.3887606548009972
39,18093.3,10.0,24128,24250.41,13,3,1,0,Não,Sim,Empreendedor,Médio,1.333532302012347
85,12218.05,12.2,10202,37053.38,6,3,2,0,Não,Não,Médico,Baixo,0.8349941275408106
30,3803.0,23.7,8817,10010.02,9,1,2,18,Não,Sim,Professor,Alto,2.3184328161977388
64,16609.88,9.3,16830,21459.67,0,4,1,0,Não,Não,Designer,Médio,1.0132523534185678
63,7326.56,27.6,179,10904.99,14,2,3,0,Sim,Não,Analista de TI,Baixo,0.02443165687580529
32,5601.59,8.1,14599,22854.59,13,3,2,0,Sim,Sim,Enfermeiro,Alto,2.60622430417078
63,16800.82,13.7,23517,69282.3,5,3,3,0,Sim,Sim,Advogado,Médio,1.399753107288811
29,12406.75,20.8,35985,31790.39,4,3,3,0,Não,Não,Empreendedor,Alto,2.9004372619743286
26,12121.06,21.3,31809,26742.63,7,4,2,46,Não,Não,Advogado,Alto,2.624275434656705
41,19277.79,27.6,56692,26609.78,18,3,1,0,Não,Sim,Enfermeiro,Alto,2.9407935245689467
74,4351.45,5.5,12192,7213.54,4,3,0,0,Sim,Sim,Advogado,Alto,2.8018246791299455
70,5965.04,2.1,13868,11189.53,20,4,3,0,Não,Não,Médico,Alto,2.3248796319890563
20,19704.8,15.9,16874,31695.98,3,3,1,46,Sim,Sim,Contador,Alto,0.8563395720839593
21,3038.01,1.9,8562,11667.14,14,4,3,0,Não,Sim,Advogado,Alto,2.8182922373527406
29,11076.31,1.8,2916,27999.47,20,2,0,23,Sim,Sim,Médico,Médio,0.26326457096271233
30,2922.94,2.7,4937,7297.42,9,3,0,0,Não,Não,Contador,Médio,1.6890528029997194
61,11137.26,9.7,2245,15969.38,9,2,2,0,Sim,Sim,Contador,Baixo,0.2015756119548255
59,18626.11,22.1,55506,83536.45,15,5,3,0,Sim,Não,Empreendedor,Alto,2.9800103188481115
88,4006.39,5.4,6016,19293.53,3,2,0,0,Sim,Sim,Enfermeiro,Médio,1.5016011920956274
46,6427.99,3.3,4081,22791.41,5,5,1,0,Não,Sim,Designer,Baixo,0.634879643558873
38,16659.39,1.0,9513,35405.4,0,1,2,40,Sim,Não,Professor,Alto,0.5710293113973561
48,5574.78,23.6,13365,27798.36,5,5,2,0,Sim,Não,Designer,Alto,2.3974040231184013
67,6914.45,9.9,7283,30615.91,12,5,3,0,Sim,Sim,Eng.,Médio,1.053301419491066
55,11363.25,11.7,2626,17424.27,17,5,3,0,Sim,Não,Analista de TI,Baixo,0.2310958572591468
29,3300.84,27.5,3,12531.35,6,4,0,0,Sim,Não,Médico,Baixo,0.000908859563020322
34,18813.29,3.9,17367,82838.69,5,2,3,0,Sim,Não,Enfermeiro,Baixo,0.9231240256223127
32,8261.35,27.4,8165,22537.15,3,2,0,0,Sim,Sim,Empreendedor,Baixo,0.9883372572279349
90,18714.32,23.6,5531,20564.41,6,4,2,0,Sim,Não,Médico,Baixo,0.2955490768566531
47,17215.34,14.7,49400,25502.42,11,0,2,45,Não,Não,Enfermeiro,Alto,2.869533799506719
80,6376.01,3.5,4309,18519.96,19,4,3,0,Não,Não,Médico,Baixo,0.6758144984088795
63,13050.64,6.2,4318,57939.61,13,0,1,0,Sim,Não,Enfermeiro,Baixo,0.33086499972415145
84,12952.02,25.0,18283,53801.98,7,5,3,49,Sim,Não,Professor,Alto,1.4115944848757183
30,5725.73,5.5,2489,10778.33,19,1,2,0,Sim,Não,Enfermeiro,Baixo,0.43470439577136893
34,14402.31,1.9,20619,58783.75,18,4,0,0,Sim,Sim,Enfermeiro,Médio,1.431645340226672
33,11428.28,4.2,9791,35320.67,5,5,2,0,Não,Não,Engenheiro,Baixo,0.8567343467258415
74,10532.45,23.2,21350,35455.46,3,0,1,0,Não,Não,Engenheiro,Alto,2.027068725700098
30,4321.25,22.7,7802,9649.83,16,3,2,0,Não,Não,Empreendedor,Médio,1.8054960948799537
46,15654.91,19.9,39410,63783.49,11,0,1,0,Sim,Não,Professor,Alto,2.517421051925562
34,15079.11,5.7,37180,43334.61,8,0,3,0,Sim,Sim,Designer,Alto,2.4656627612637614
49,4562.38,12.3,8653,18756.53,16,2,3,0,Sim,Não,Contador,Médio,1.8965978283264435
82,11061.39,1.9,16616,12058.39,3,1,3,0,Sim,Sim,Empreendedor,Médio,1.502162024844979
57,12845.41,16.9,29403,29213.97,5,0,2,0,Não,Sim,Designer,Alto,2.2889888294729404
54,16719.08,15.3,36546,33478.07,7,3,2,0,Sim,Sim,Designer,Alto,2.1858858262535974
45,9292.55,23.5,3887,18684.91,19,1,2,0,Não,Não,Enfermeiro,Baixo,0.4182920726818796
80,13587.21,9.3,28980,46472.79,2,1,0,0,Sim,Sim,Enfermeiro,Alto,2.132888208837576
63,18914.16,17.1,38530,25611.28,3,4,2,0,Não,Não,Advogado,Alto,2.03709813177006
23,9061.27,10.1,8669,12365.54,12,0,2,0,Sim,Sim,Médico,Baixo,0.956709158870666
71,18740.72,0.3,4452,69338.84,20,0,1,0,Não,Não,Enfermeiro,Baixo,0.23755757516253376
25,5044.54,17.5,6884,15577.53,20,5,0,0,Sim,Não,Médico,Médio,1.364643753444318
76,7148.9,9.1,12626,14580.59,16,3,2,22,Sim,Não,Designer,Médio,1.7661458406188366
63,17997.93,24.2,15007,30244.17,2,5,1,0,Sim,Sim,Enfermeiro,Baixo,0.8338181113050223
57,9805.27,14.2,29326,20876.27,20,3,1,0,Não,Não,Enfermeiro,Alto,2.990840639778405
60,9612.64,8.7,19544,19074.31,8,2,0,0,Não,Sim,Empreendedor,Alto,2.0331563441468736
61,7680.78,26.9,18513,10327.71,20,3,1,0,Não,Sim,Professor,Alto,2.410302078695133
84,7616.3,12.8,1177,11494.53,13,0,1,0,Sim,Não,Designer,Baixo,0.15453697989837584
81,16582.86,4.2,19871,19191.23,5,2,2,0,Sim,Não,Empreendedor,Médio,1.1982854586000242
31,11137.26,18.5,2755,23886.32,12,5,3,0,Sim,Não,Analista de TI,Baixo,0.24736784451471905
36,15810.68,12.7,37592,19012.21,18,4,3,0,Sim,Não,Médico,Alto,2.377633346573329
77,10490.08,6.6,1364,33096.84,20,3,3,0,Não,Não,Contador,Baixo,0.1300276070344554
53,3781.82,26.4,2553,9791.39,13,2,2,0,Sim,Não,Médico,Baixo,0.6750717908308698
74,2039.99,12.5,3159,2602.0,6,2,1,0,Não,Sim,Designer,Médio,1.548537002632366
85,11787.33,14.2,1702,26659.18,10,4,1,56,Não,Sim,Analista de TI,Alto,0.14439232633683793
20,17559.38,4.4,8544,42791.29,9,3,3,0,Sim,Sim,Médico,Baixo,0.486577544309651
64,6383.86,15.4,5189,26316.22,0,2,3,0,Sim,Sim,Professor,Baixo,0.8128311084516265
41,6972.86,9.5,9449,30096.07,8,1,0,0,Sim,Não,Analista de TI,Médio,1.3551111021876248
87,13308.84,18.3,4341,17557.07,19,5,3,0,Sim,Não,Enfermeiro,Baixo,0.3261741819722831
46,3249.21,1.5,1190,7098.76,14,3,0,0,Não,Não,Contador,Baixo,0.3662428713441113
44,10915.56,20.1,23012,18422.37,13,0,0,11,Não,Sim,Contador,Alto,2.108183180707174
22,3466.58,14.9,3857,16019.57,11,3,2,0,Sim,Sim,Engenheiro,Médio,1.11262396944539
50,11422.08,20.0,33736,29584.79,8,2,2,23,Sim,Não,Engenheiro,Alto,2.95357763209503
85,4342.28,10.3,10483,20943.77,2,1,0,0,Não,Sim,Analista de TI,Alto,2.414169514632866
66,12274.59,28.2,7716,41294.59,2,5,2,0,Não,Não,Empreendedor,Baixo,0.6286157012169041
24,19589.7,10.0,0,65565.52,11,0,2,0,Não,Sim,Enfermeiro,Baixo,0.0
21,10459.91,25.1,3164,36880.78,20,4,2,11,Não,Não,Contador,Médio,0.3024882623273049
79,7255.04,16.4,2587,17343.19,1,1,2,0,Sim,Sim,Médico,Baixo,0.3565797018348624
87,6890.1,26.5,17688,8649.99,15,0,0,0,Sim,Sim,Designer,Alto,2.56716157965777
20,9507.07,4.2,7277,35180.65,11,0,2,5,Sim,Sim,Engenheiro,Médio,0.7654303586699162
57,19378.55,24.0,6245,32443.75,0,4,3,0,Não,Sim,Contador,Baixo,0.3222635336493185
78,11137.26,14.5,6091,20990.71,8,1,0,0,Sim,Sim,Contador,Médio,0.5469029186711992
34,15504.67,27.2,9822,54069.86,5,1,3,0,Sim,Sim,Designer,Baixo,0.6334865559860352
60,19144.0,24.2,10141,40524.7,2,1,2,0,Não,Não,Analista de TI,Baixo,0.5297221061429168
84,2626.81,20.7,2149,11915.35,14,3,3,0,Sim,Sim,Engenheiro,Baixo,0.8181025654691432
29,9024.97,24.8,19143,13428.3,16,1,1,0,Não,Não,Empreendedor,Alto,2.1211150840390607
57,6294.27,2.4,9553,19821.62,8,0,0,0,Não,Não,Médico,Médio,1.517729617572808
53,19543.21,26.6,27630,38543.74,3,0,1,0,Sim,Não,Enfermeiro,Médio,1.413790262705052
89,11547.19,13.6,26253,47334.28,0,2,0,0,Não,Sim,Médico,Alto,2.273540142666744
42,13619.01,5.2,582,25285.96,7,4,0,0,Sim,Não,Enfermeiro,Baixo,0.042734383776794345
69,17984.92,10.1,48502,60121.99,3,4,3,30,Não,Não,Designer,Alto,2.696814887138781
20,15890.63,14.6,24124,32239.73,5,2,3,0,Sim,Sim,Analista de TI,Médio,1.5181273492617977
74,17510.29,11.1,21522,57537.59,1,4,1,0,Sim,Não,Médico,Médio,1.2291058571845468
37,4767.82,14.7,10938,17037.24,17,2,2,0,Sim,Não,Enfermeiro,Alto,2.294130231426522
65,7264.72,27.8,19096,31424.34,9,1,2,10,Sim,Não,Empreendedor,Alto,2.628594082084375
56,17381.5,18.6,44506,34392.71,9,0,2,0,Não,Não,Professor,Alto,2.560538503581394
54,13828.56,7.3,6594,50703.85,12,5,3,0,Não,Sim,Contador,Baixo,0.4768392370572207
32,13267.97,22.5,28379,56525.4,20,3,0,23,Sim,Não,Médico,Alto,2.138910473870532
41,19924.69,6.6,25208,30104.66,20,1,0,0,Não,Sim,Médico,Médio,1.2651639749476655
90,4272.93,27.7,9131,10022.46,9,4,1,0,Não,Não,Contador,Alto,2.13694116215337
27,5252.25,13.6,11197,6676.71,2,1,0,0,Sim,Não,Designer,Alto,2.1318482555095435
51,4510.0,15.9,2364,20562.6,9,1,1,0,Não,Não,Enfermeiro,Baixo,0.5241685144124169
53,3090.77,10.8,5422,3835.25,3,2,3,0,Sim,Não,Advogado,Médio,1.754255412081779
90,9184.61,12.5,12923,36804.16,14,2,1,0,Sim,Sim,Médico,Médio,1.4070276255605845
30,16423.58,24.5,21674,75779.5,11,5,1,0,Não,Sim,Engenheiro,Médio,1.3196879121360872
56,19203.01,18.6,53833,48938.92,16,2,0,0,Não,Não,Empreendedor,Alto,2.8033625978427343
51,18581.75,29.0,40831,81716.62,16,1,3,0,Não,Não,Advogado,Alto,2.1973710764594294
24,13778.58,4.1,5444,15730.92,15,4,3,0,Não,Sim,Empreendedor,Baixo,0.39510602689101487
62,2436.57,13.0,6721,8003.91,3,5,3,0,Não,Não,Empreendedor,Alto,2.758385763593904
82,13565.07,13.6,23819,34204.03,20,4,1,0,Não,Sim,Enfermeiro,Médio,1.7559068991166282
68,11137.26,18.2,2512,10114.76,6,2,1,0,Não,Não,Analista de TI,Baixo,0.2255491925302992
67,11137.26,29.3,6874,24489.77,8,5,1,0,Não,Não,Prof.,Médio,0.6172074639543299
88,14837.82,24.2,23642,22294.35,5,4,1,54,Sim,Não,Enfermeiro,Alto,1.5933607497597355
55,16650.86,16.4,16463,22269.59,6,4,2,0,Não,Não,Engenheiro,Baixo,0.9887176998665534
89,3826.14,26.9,10591,8126.76,11,5,2,0,Sim,Sim,Engenheiro,Alto,2.7680638972959692
52,19286.67,7.9,31052,41740.04,10,5,0,0,Não,Não,Designer,Médio,1.610023918073986
42,2167.68,29.9,5744,2374.18,15,3,2,0,Sim,Não,Professor,Alto,2.649837614408031
53,13372.61,19.6,8276,24931.93,17,1,1,0,Sim,Não,Professor,Baixo,0.6188769432444376
73,9665.84,28.1,1996,17131.88,15,4,1,0,Sim,Não,Contador,Baixo,0.20650041796677784
71,18539.0,15.0,40412,38501.31,5,0,1,0,Sim,Não,Designer,Alto,2.179837100167215
90,12957.1,24.7,770,62279.3,20,0,1,0,Sim,Não,Médico,Baixo,0.0594268779279314
53,9907.38,18.2,12976,12143.3,6,5,1,0,Não,Não,Advogado,Médio,1.3097307259840645
84,14229.29,19.9,38837,32481.3,0,1,3,0,Não,Sim,Analista de TI,Alto,2.7293701934530814
30,11874.47,10.5,20246,21381.21,5,0,1,45,Não,Sim,Contador,Alto,1.7050024127392633
83,10403.26,2.2,6158,47661.36,18,4,1,0,Sim,Não,Empreendedor,Baixo,0.5919298373778988
58,14841.18,21.4,23631,44607.58,8,2,3,0,Não,Não,Professor,Médio,1.5922588365615133
73,5335.92,13.3,5787,22314.25,10,1,1,0,Sim,Sim,Advogado,Médio,1.0845364997975981
51,13175.5,25.2,34540,49453.94,4,3,0,17,Sim,Sim,Designer,Alto,2.6215323896626312
36,16543.53,25.1,1507,63870.54,3,5,1,0,Sim,Sim,Analista de TI,Baixo,0.09109301340161381
25,7019.83,14.5,10619,12009.46,8,5,1,0,Sim,Não,Advogado,Médio,1.5127146953701158
30,13307.94,6.5,11849,65263.47,13,1,3,2,Sim,Não,Advogado,Médio,0.8903707110191359
43,3171.39,12.3,7112,3219.92,10,0,2,0,Sim,Sim,Analista de TI,Alto,2.2425497967768075
79,6633.59,23.0,18496,8550.18,10,0,2,0,Sim,Não,Designer,Alto,2.7882338221083907
37,15813.12,12.5,15925,26744.18,19,1,2,0,Sim,Sim,Médico,Médio,1.0070751376072526
26,5855.32,29.8,1907,6090.02,1,0,3,0,Sim,Não,Professor,Baixo,0.32568672591762704
63,8702.38,11.7,16149,32822.89,2,1,3,0,Não,Não,Advogado,Médio,1.8556992454937618
61,17158.03,25.8,32315,57159.64,5,2,1,0,Não,Não,Engenheiro,Médio,1.8833747230888396
46,18701.45,27.4,13604,31264.12,10,5,1,0,Sim,Não,Contador,Baixo,0.7274302259985188
82,19827.03,2.5,7745,26517.11,15,5,1,0,Sim,Não,Contador,Baixo,0.3906283492787372
49,16924.97,25.1,5962,71919.12,16,3,1,0,Não,Sim,Designer,Baixo,0.35226059484891253
29,11553.82,19.4,30878,45469.92,15,0,3,0,Não,Sim,Contador,Alto,2.6725360097353086
79,5701.96,10.5,8860,8579.87,5,5,0,9,Não,Sim,Contador,Médio,1.5538516580263628
37,11137.26,15.5,8018,6049.9,20,2,2,0,Sim,Não,Contador,Médio,0.7199257267945617
46,16511.23,23.5,7946,19690.79,6,2,3,0,Sim,Sim,Contador,Baixo,0.48124821712252813
81,18538.94,14.0,43814,22151.57,14,1,3,0,Sim,Não,Analista de TI,Alto,2.363349792382952
19,5461.72,3.9,107,19922.47,2,2,3,0,Não,Não,Engenheiro,Baixo,0.019590898105358752
23,9692.15,24.7,861,43344.46,13,5,2,0,Sim,Sim,Empreendedor,Baixo,0.08883477866108139
55,10397.97,1.9,28823,45622.0,10,3,0,0,Sim,Não,Enfermeiro,Alto,2.7719833775246516
34,12698.16,8.2,34535,30165.85,10,3,2,0,Não,Sim,Empreendedor,Alto,2.7196853717388976
24,6840.72,18.3,14856,13035.46,0,2,1,0,Sim,Não,Engenheiro,Alto,2.171701224432516
58,2943.93,15.0,4476,3961.42,6,5,0,41,Não,Não,Analista de TI,Alto,1.520416585992194
73,11137.26,22.0,2278,20452.22,7,2,1,0,Não,Sim,Contador,Baixo,0.2045386387675245
62,4385.33,29.2,1618,10464.23,1,5,2,0,Sim,Sim,Designer,Baixo,0.36895741027471135
67,19199.56,18.7,20409,22021.66,18,2,3,0,Sim,Não,Contador,Médio,1.0629931102587766
66,4233.08,17.5,6763,18495.31,1,3,2,0,Não,Sim,Empreendedor,Médio,1.5976546627987187
61,16131.36,4.8,11877,59474.42,7,5,3,0,Não,Sim,Professor,Baixo,0.7362677418394977
20,13028.79,11.6,10185,54682.69,9,0,3,0,Sim,Não,Empreendedor,Baixo,0.7817303064981476
35,5466.88,26.8,6816,15891.91,16,4,1,1,Sim,Sim,Empreendedor,Médio,1.2467806134394754
60,9842.96,13.7,10162,29491.97,13,5,3,0,Sim,Não,Advogado,Médio,1.0324130139714072
44,18283.3,3.6,43146,59134.35,2,4,2,0,Não,Sim,Médico,Alto,2.3598584500609845
41,15711.74,2.8,28632,57229.17,8,1,1,0,Sim,Sim,Advogado,Médio,1.8223315813525427
47,6469.99,12.7,1498,26006.79,10,0,3,0,Não,Sim,Empreendedor,Baixo,0.23153049695594585
25,6762.16,4.2,7740,33451.95,0,0,2,0,Sim,Não,Enfermeiro,Médio,1.1446046825274765
60,5966.75,11.8,10994,15008.44,16,3,1,0,Sim,Não,Contador,Médio,1.8425440985461097
77,16228.1,24.2,43878,48515.28,15,0,1,0,Não,Sim,Empreendedor,Alto,2.7038285443151078
59,12519.37,5.2,32497,25218.32,16,1,1,0,Sim,Sim,Médico,Alto,2.5957376449453924
34,14879.48,2.6,15738,29866.59,15,2,1,0,Sim,Não,Empreendedor,Médio,1.0576982528959347
29,8667.08,6.5,2761,28887.42,19,2,1,0,Não,Não,Contador,Baixo,0.3185617301328706
90,15779.21,11.2,35472,52324.85,0,3,1,0,Não,Sim,Enfermeiro,Alto,2.248021288771745
41,12160.88,9.9,34766,17915.48,4,1,0,0,Não,Não,Contador,Alto,2.8588391629553125
23,5113.04,13.8,7068,20763.64,16,1,2,0,Não,Sim,Empreendedor,Médio,1.382347879148217
47,7414.36,15.7,13610,7477.19,4,4,1,55,Não,Sim,Enfermeiro,Alto,1.8356270804223156
67,4220.3,25.8,6078,19578.97,3,4,2,0,Sim,Sim,Analista de TI,Médio,1.440181977584532
79,16412.73,7.8,11379,33064.06,1,1,1,29,Não,Não,Contador,Médio,0.6933033078592045
56,16971.82,22.3,38682,45372.21,14,2,0,0,Não,Não,Analista de TI,Alto,2.2791898570689533
54,15112.51,22.1,4,66242.31,15,0,3,51,Não,Não,Enfermeiro,Alto,0.00026468137986343764
85,19685.12,20.1,43988,40374.15,1,0,0,0,Não,Sim,Contador,Alto,2.234581247155212
73,9634.59,22.3,26315,43789.84,13,0,3,0,Não,Sim,Designer,Alto,2.7313046014412654
74,8355.34,22.5,20072,13414.6,2,5,3,0,Sim,Não,Engenheiro,Alto,2.402296016679154
72,12202.12,0.2,9285,24850.28,5,4,1,0,Sim,Sim,Empreendedor,Baixo,0.7609333460087263
57,17921.89,23.6,15752,23912.32,17,0,0,1,Não,Não,Contador,Médio,0.8789251580050988
53,4129.61,7.2,8338,17838.84,7,0,3,0,Não,Não,Advogado,Alto,2.019076861979703
75,5568.62,16.5,7457,12826.23,7,4,1,0,Não,Não,Enfermeiro,Médio,1.3391109466977456
76,19230.43,21.9,24138,76733.98,7,3,2,0,Sim,Não,Engenheiro,Médio,1.2551981416952196
37,16465.68,2.8,43221,61289.21,10,5,1,0,Sim,Sim,Analista de TI,Alto,2.6249143673386097
84,18342.56,2.6,51206,62457.51,6,4,2,0,Sim,Sim,Contador,Alto,2.791649584354637
76,17490.75,23.9,52097,54495.0,3,2,1,0,Não,Não,Analista de TI,Alto,2.97854580278147
48,16108.29,29.6,3176,67721.81,2,2,3,0,Sim,Não,Designer,Baixo,0.19716555885199483
29,18799.9,28.3,33466,55812.95,8,0,0,0,Sim,Não,Advogado,Médio,1.780115851680062
45,9165.77,17.6,21218,13841.69,6,4,0,0,Não,Sim,Advogado,Alto,2.3149173500971547
21,15160.52,7.0,19684,53985.69,6,2,0,0,Não,Não,Enfermeiro,Médio,1.2983723513441492
68,11258.11,20.3,29697,45325.63,10,0,1,0,Não,Sim,Designer,Alto,2.6378317497341914
26,7536.52,18.7,16765,24384.69,4,4,2,39,Não,Não,Médico,Alto,2.2245014940582655
85,19191.29,8.4,33837,75403.96,12,2,0,54,Não,Não,Enfermeiro,Alto,1.7631435927444168
29,10319.36,22.8,30034,12504.64,7,2,1,0,Sim,Sim,Médico,Alto,2.910451810965021
87,2171.48,29.5,980,5618.24,18,1,0,0,Não,Não,Empreendedor,Baixo,0.45130510066866836
24,16571.69,14.1,5744,72144.35,17,2,0,0,Não,Sim,Analista de TI,Baixo,0.346615221501247
87,10868.13,19.1,1473,17042.74,3,1,0,0,Sim,Não,Professor,Baixo,0.13553389589561407
49,18438.37,1.3,38224,47342.25,10,2,2,1,Não,Não,Enfermeiro,Alto,2.0730682809814533
76,10153.52,16.0,1992,47051.18,10,2,0,35,Não,Não,Analista de TI,Alto,0.19618811998203578
54,19597.03,25.5,40962,49594.3,10,3,0,0,Não,Sim,Médico,Alto,2.090214690695478
89,18214.09,19.3,9890,20855.83,1,4,3,0,Sim,Sim,Analista de TI,Baixo,0.5429862265971015
74,6227.73,3.7,5514,17649.13,15,5,1,0,Sim,Sim,Médico,Baixo,0.8853948388899326
34,5265.34,8.3,5711,23813.07,2,4,3,0,Sim,Não,Engenheiro,Médio,1.08464030812825
41,17251.99,17.6,20222,33143.14,7,3,0,0,Sim,Não,Enfermeiro,Médio,1.1721546325960077
83,11137.26,21.5,5994,5453.43,3,1,0,0,Não,Sim,Médico,Médio,0.53819341561569
85,7919.7,25.0,20343,19797.73,5,0,1,0,Sim,Não,Analista de TI,Alto,2.568657903708474
37,8994.0,25.1,4057,20004.96,12,2,1,0,Sim,Sim,Professor,Baixo,0.4510784967756282
80,5409.9,3.6,13609,22455.57,6,3,2,0,Sim,Sim,Advogado,Alto,2.5155733008003844
74,4206.14,17.9,10423,16760.34,0,5,2,20,Não,Não,Designer,Alto,2.478044002339437
74,12601.36,24.3,20246,32687.65,5,5,3,0,Sim,Sim,Analista de TI,Médio,1.6066519804211608
90,17903.16,2.3,19079,35828.99,11,3,0,56,Sim,Não,Advogado,Alto,1.0656777909598083
37,10132.28,8.3,19463,18914.73,18,4,2,0,Sim,Sim,Enfermeiro,Médio,1.9208904609821282
63,5669.72,28.8,13456,26505.22,18,1,0,0,Não,Não,Enfermeiro,Alto,2.3733094403250954
79,18462.89,6.7,47976,56327.51,8,3,0,0,Sim,Sim,Analista de TI,Alto,2.598509767430776
89,18782.56,22.5,25515,52928.55,9,2,3,0,Não,Sim,Enfermeiro,Médio,1.3584410218841307
28,13779.75,20.9,11639,27853.26,8,5,0,34,Não,Sim,Designer,Alto,0.8446452221556995
89,10520.26,3.1,1737,24772.04,0,1,1,0,Sim,Sim,Contador,Baixo,0.1651099877759675
62,9429.15,17.4,26392,31401.34,19,3,0,28,Sim,Sim,Designer,Alto,2.7989797595753596
78,15259.14,7.0,27311,39818.2,20,2,1,56,Sim,Não,Professor,Alto,1.7898125320299834
81,15582.5,0.6,25559,45447.97,4,3,2,0,Não,Sim,Professor,Médio,1.6402374458527194
86,2550.64,0.2,5231,7202.19,4,5,3,0,Sim,Não,Advogado,Alto,2.0508578239187027
20,15645.2,21.7,2064,48356.29,5,3,0,0,Não,Sim,Prof,Baixo,0.1319254467823997
82,8895.89,9.9,9186,30257.11,15,3,1,0,Não,Não,Professor,Médio,1.0326116892182795
34,2501.41,1.5,5671,6953.16,5,3,3,0,Sim,Sim,Advogado,Alto,2.267121343562231
78,6981.05,24.5,1087,33495.96,0,3,1,38,Sim,Sim,Enfermeiro,Alto,0.15570723601750452
41,5176.97,18.5,772,8093.98,5,3,2,0,Não,Não,Empreendedor,Baixo,0.14912197675474262
47,13064.9,17.1,11546,38503.73,7,0,1,2,Não,Sim,Advogado,Médio,0.8837419344962457
61,11583.58,23.6,17877,26948.46,19,0,3,0,Sim,Não,Professor,Médio,1.5433052648663022
54,9202.29,29.2,22766,37247.17,1,3,2,0,Sim,Sim,Advogado,Alto,2.4739494191119817
29,7914.65,10.1,14724,27821.07,10,1,0,0,Não,Sim,Professor,Médio,1.860347583279109
27,10893.8,15.8,22865,25284.91,0,2,1,0,Sim,Não,Enfermeiro,Alto,2.0989002919091595
57,11137.26,13.2,5202,16106.48,8,1,2,0,Não,Sim,Médico,Médio,0.46708077211091414
44,9016.27,3.4,3417,15475.14,0,3,2,50,Sim,Não,Empreendedor,Alto,0.37898155223834246
81,5657.06,24.9,7743,13993.2,13,5,0,0,Sim,Sim,Analista de TI,Médio,1.3687321682994347
41,4959.89,22.7,895,7928.37,11,5,1,2,Não,Sim,Médico,Médio,0.18044755024809017
57,13688.61,4.8,22903,61454.82,1,2,2,0,Não,Sim,Professor,Médio,1.6731428538032713
72,12098.09,3.6,35866,35811.97,1,2,3,37,Não,Sim,Professor,Alto,2.9646001972212144
62,17187.95,9.4,38844,69626.97,16,1,2,0,Não,Não,Empreendedor,Alto,2.2599553757137993
41,9008.79,7.3,15046,19424.19,12,4,1,47,Sim,Sim,Professor,Alto,1.6701466012638766
67,8139.77,19.1,18081,13360.28,1,2,2,0,Não,Não,Professor,Alto,2.2213158357054312
89,12269.19,27.7,6497,30273.04,8,2,2,33,Não,Não,Professor,Alto,0.5295378097494619
36,9662.48,7.5,12249,15899.72,5,4,2,0,Sim,Sim,Advogado,Médio,1.2676869706327982
31,11078.88,22.6,14413,13500.86,3,4,0,0,Sim,Sim,Médico,Médio,1.3009437777103823
28,2430.91,4.6,6440,2547.96,13,5,1,0,Sim,Sim,Empreendedor,Alto,2.6492136689552472
29,5117.71,12.9,2992,12814.91,20,5,0,1,Não,Sim,Empreendedor,Médio,0.5846364878041155
56,5258.41,9.9,4143,6992.16,15,0,2,0,Sim,Sim,Enfermeiro,Baixo,0.787880747222069
67,11649.5,27.5,34308,49652.16,16,3,1,0,Sim,Não,Designer,Alto,2.9450190995321686
78,4234.01,18.6,11455,5687.4,14,2,3,0,Sim,Não,Empreendedor,Alto,2.705473062179825
86,11137.26,4.7,12004,22203.29,7,4,1,0,Não,Sim,Professor,Alto,1.0778234502920825
54,18073.64,3.9,34123,63311.75,17,5,3,0,Não,Não,Engenheiro,Médio,1.8879982117603318
84,6568.49,3.7,11229,16028.14,9,1,2,0,Não,Sim,Enfermeiro,Médio,1.7095253246941078
87,3421.95,19.8,6895,5740.58,5,1,2,0,Sim,Não,Empreendedor,Alto,2.014933006034571
23,9196.16,1.8,19808,29041.64,15,2,1,18,Sim,Sim,Analista TI,Alto,2.1539425151367526
88,13767.81,7.7,10179,34159.72,11,1,0,0,Sim,Sim,Designer,Baixo,0.7393332708687874
34,4286.96,6.5,6942,10090.2,2,3,1,0,Não,Sim,Médico,Médio,1.619329314945789
19,4442.38,13.8,12811,15698.69,8,0,1,0,Não,Não,Empreendedor,Alto,2.883814531850044
42,13812.86,29.9,7133,35750.68,12,3,2,0,Não,Sim,Empreendedor,Baixo,0.5164028304058681
58,4841.69,21.5,4032,6676.48,18,2,3,0,Sim,Não,Enfermeiro,Baixo,0.8327670710020675
38,7882.66,15.6,18797,29571.05,5,2,2,0,Sim,Não,Contador,Alto,2.3846011371795814
45,11373.68,20.0,5651,38747.54,9,4,3,0,Sim,Sim,Contador,Baixo,0.49684886509907084
34,18090.4,27.9,24166,38555.8,4,5,1,0,Não,Não,Engenheiro,Médio,1.3358466368902842
70,17592.81,27.0,4058,26842.68,8,4,2,0,Não,Sim,Enfermeiro,Baixo,0.23066241265607937
50,19573.57,23.5,32783,23440.23,20,3,2,0,Sim,Não,Empreendedor,Médio,1.6748605389819027
77,7272.68,18.6,15141,13496.02,5,2,2,17,Não,Sim,Engenheiro,Alto,2.0819010323567104
69,9980.94,0.7,2226,41821.29,11,4,2,0,Não,Sim,Designer,Baixo,0.22302508581356065
34,13277.75,15.8,36542,49932.31,10,5,1,0,Não,Não,Advogado,Alto,2.7521229123910302
32,3587.91,25.7,10144,14785.1,3,1,3,0,Sim,Não,Professor,Alto,2.82727270193511
79,4629.02,11.9,10034,11421.99,1,1,0,11,Não,Sim,Médico,Alto,2.1676294334437958
60,3694.37,23.1,4591,16161.63,15,5,3,37,Sim,Não,Advogado,Alto,1.2427017326364171
88,11147.41,9.0,7027,43113.5,1,4,0,0,Sim,Sim,Empreendedor,Baixo,0.6303706421491629
66,17118.78,0.9,23386,26252.58,11,0,1,0,Não,Sim,Enfermeiro,Médio,1.3661020236255155
20,2355.84,5.3,667,3161.11,20,2,1,0,Não,Não,Contador,Baixo,0.28312618853572397
21,10730.69,2.3,5325,49056.62,8,2,1,0,Não,Não,Enfermeiro,Baixo,0.49624022313569766
89,17824.35,8.9,45571,69816.33,13,5,3,0,Sim,Não,Professor,Alto,2.5566710707543336
62,16532.99,5.3,31418,46284.6,3,1,1,0,Não,Não,Enfermeiro,Médio,1.9003217203905645
79,18745.33,5.0,12829,28517.2,1,0,3,0,Não,Não,Analista de TI,Baixo,0.6843837905227594
65,12060.07,10.8,30773,14625.11,13,1,2,0,Sim,Não,Engenheiro,Alto,2.551643564257919
31,3079.67,25.0,1089,5782.94,6,1,0,0,Sim,Não,Contador,Baixo,0.3536093152837804
53,13946.29,13.3,19405,23762.62,7,1,0,54,Sim,Não,Contador,Alto,1.391409471622919
32,16720.62,26.4,35275,36354.16,3,0,0,0,Não,Sim,Enfermeiro,Alto,2.109670574416499
40,11137.26,21.6,13532,23557.77,11,0,1,15,Sim,Sim,Professor,Alto,1.2150205705891755
40,6785.64,12.7,1746,19167.58,15,1,3,0,Não,Sim,Empreendedor,Baixo,0.25730808000424427
19,15658.19,20.1,15305,18525.72,1,5,3,55,Sim,Não,Analista de TI,Alto,0.9774437530774629
82,15823.84,6.2,26675,57126.72,3,0,3,0,Sim,Sim,Advogado,Médio,1.6857475808653273
36,19496.33,5.6,23909,69389.49,20,1,2,0,Não,Sim,Professor,Médio,1.2263333663309965
67,8316.11,7.9,9339,23182.13,14,4,3,0,Sim,Não,Enfermeiro,Médio,1.123001018505046
40,13108.65,13.1,22198,37078.22,18,2,0,0,Não,Não,Contador,Médio,1.6933856651905421
84,8337.38,14.8,22515,41019.32,16,2,1,0,Não,Não,Designer,Alto,2.7004886427150976
25,13870.98,11.9,20037,20975.99,19,5,3,0,Sim,Sim,Analista de TI,Médio,1.4445266304183266
88,5010.2,4.8,10215,23345.83,12,5,1,0,Não,Sim,Advogado,Alto,2.038840764839727
57,8169.64,28.6,13922,10530.61,19,5,0,0,Sim,Sim,Médico,Médio,1.7041142571765708
45,10934.4,24.3,15787,19823.46,11,3,2,0,Sim,Não,Analista de TI,Médio,1.4437920690664325
52,13842.82,17.8,39635,30378.68,7,1,0,0,Sim,Não,Designer,Alto,2.863217176846914
50,8911.74,10.1,3085,21014.37,7,0,1,0,Não,Não,Contador,Baixo,0.34617257684806785
58,9270.53,1.6,6663,13047.65,20,1,0,0,Não,Sim,Professor,Baixo,0.7187291341487487
49,7759.67,17.2,6165,25648.31,18,0,3,0,Sim,Sim,Designer,Baixo,0.7944925492965551
56,19359.21,3.9,52776,34336.91,17,1,3,0,Não,Não,Professor,Alto,2.726144300309775
70,17133.71,10.4,36559,53726.07,7,3,0,0,Não,Não,Professor,Alto,2.133746865098102
82,8224.03,14.3,7642,18414.9,12,3,0,0,Sim,Não,Médico,Baixo,0.9292281278156815
88,3286.2,19.1,1472,16055.81,12,0,1,0,Sim,Sim,Professor,Baixo,0.4479337837015398
86,14855.4,26.6,42765,28284.9,6,3,0,0,Sim,Sim,Contador,Alto,2.878751161193909
83,18825.51,15.5,56270,30848.39,18,0,3,0,Sim,Sim,Enfermeiro,Alto,2.989029248078804
